mmsi,kristina_label,kristina_sublabel,kristina_fishing
10421670,Purse seines,Purse seines,Fishing
123450020,Purse seines,Purse seines,Fishing
123450800,Purse seines,Purse seines,Fishing
203226200,Passenger,Sailing,Non-fishing
203745200,Passenger,Passenger,Non-fishing
205226410,Passenger,Sailing,Non-fishing
205257010,Passenger,Sailing,Non-fishing
205548000,Cargo/Tanker,Tanker,Non-fishing
205788510,Passenger,Sailing,Non-fishing
205831310,Passenger,Sailing,Non-fishing
205844210,Passenger,Sailing,Non-fishing
209188000,Cargo/Tanker,Cargo,Non-fishing
209250000,Cargo/Tanker,Cargo,Non-fishing
209355000,Cargo/Tanker,Cargo,Non-fishing
209394000,Cargo/Tanker,Tanker,Non-fishing
209486000,Cargo/Tanker,Cargo,Non-fishing
209632000,Cargo/Tanker,Tanker,Non-fishing
210137000,Cargo/Tanker,Tanker,Non-fishing
210333000,Cargo/Tanker,Tanker,Non-fishing
210347000,Cargo/Tanker,Cargo,Non-fishing
210409000,Cargo/Tanker,Cargo,Non-fishing
210449000,Cargo/Tanker,Tanker,Non-fishing
210473000,Cargo/Tanker,Cargo,Non-fishing
210490000,Cargo/Tanker,Tanker,Non-fishing
210786000,Cargo/Tanker,Cargo,Non-fishing
211118960,Passenger,Sailing,Non-fishing
211125000,Cargo/Tanker,Cargo,Non-fishing
211128000,Cargo/Tanker,Cargo,Non-fishing
211140000,Cargo/Tanker,Cargo,Non-fishing
211180600,Passenger,Sailing,Non-fishing
211206910,Passenger,Sailing,Non-fishing
211207270,Trawlers,Trawlers,Fishing
211214200,Trawlers,Trawlers,Fishing
211256380,Cargo/Tanker,Cargo,Non-fishing
211317420,Passenger,Passenger,Non-fishing
211335760,Cargo/Tanker,Cargo,Non-fishing
211341030,Passenger,Sailing,Non-fishing
211350180,Passenger,Sailing,Non-fishing
211378110,Cargo/Tanker,Cargo,Non-fishing
211394200,Cargo/Tanker,Cargo,Non-fishing
211422810,Passenger,Sailing,Non-fishing
211424450,Cargo/Tanker,Cargo,Non-fishing
211465000,Cargo/Tanker,Cargo,Non-fishing
211473160,Passenger,Sailing,Non-fishing
211485840,Passenger,Sailing,Non-fishing
211499080,Passenger,Passenger,Non-fishing
211504860,Passenger,Sailing,Non-fishing
211526530,Passenger,Sailing,Non-fishing
211528650,Passenger,Sailing,Non-fishing
211554700,Passenger,Sailing,Non-fishing
211570180,Passenger,Sailing,Non-fishing
211580000,Cargo/Tanker,Cargo,Non-fishing
211611000,Cargo/Tanker,Cargo,Non-fishing
211691000,Cargo/Tanker,Cargo,Non-fishing
211693000,Cargo/Tanker,Cargo,Non-fishing
211727000,Cargo/Tanker,Cargo,Non-fishing
211728000,Cargo/Tanker,Cargo,Non-fishing
211738000,Cargo/Tanker,Cargo,Non-fishing
211755000,Cargo/Tanker,Cargo,Non-fishing
211771000,Cargo/Tanker,Cargo,Non-fishing
212236000,Cargo/Tanker,Cargo,Non-fishing
212280000,Cargo/Tanker,Cargo,Non-fishing
212865000,Cargo/Tanker,Cargo,Non-fishing
212871000,Cargo/Tanker,Tanker,Non-fishing
212925000,Cargo/Tanker,Cargo,Non-fishing
215190000,Cargo/Tanker,Cargo,Non-fishing
215286000,Cargo/Tanker,Tanker,Non-fishing
215308000,Passenger,Passenger,Non-fishing
215391000,Cargo/Tanker,Cargo,Non-fishing
215439000,Cargo/Tanker,Cargo,Non-fishing
215739000,Cargo/Tanker,Tanker,Non-fishing
215929000,Cargo/Tanker,Cargo,Non-fishing
218025000,Cargo/Tanker,Cargo,Non-fishing
218082000,Cargo/Tanker,Cargo,Non-fishing
218087000,Cargo/Tanker,Cargo,Non-fishing
218132000,Cargo/Tanker,Cargo,Non-fishing
218509000,Cargo/Tanker,Cargo,Non-fishing
218560000,Cargo/Tanker,Cargo,Non-fishing
218744000,Cargo/Tanker,Cargo,Non-fishing
218764000,Cargo/Tanker,Cargo,Non-fishing
219018658,Passenger,Sailing,Non-fishing
219257000,Trawlers,Trawlers,Fishing
219269000,Cargo/Tanker,Tanker,Non-fishing
219363000,Cargo/Tanker,Cargo,Non-fishing
219398000,Cargo/Tanker,Tanker,Non-fishing
219414000,Cargo/Tanker,Tanker,Non-fishing
219488000,Cargo/Tanker,Tanker,Non-fishing
219882000,Cargo/Tanker,Cargo,Non-fishing
220198000,Cargo/Tanker,Cargo,Non-fishing
220207000,Cargo/Tanker,Cargo,Non-fishing
220216000,Cargo/Tanker,Cargo,Non-fishing
220301000,Cargo/Tanker,Tanker,Non-fishing
220373000,Cargo/Tanker,Tanker,Non-fishing
220521000,Cargo/Tanker,Tanker,Non-fishing
220560000,Cargo/Tanker,Tanker,Non-fishing
220596000,Cargo/Tanker,Cargo,Non-fishing
224001440,Passenger,Sailing,Non-fishing
224072000,Cargo/Tanker,Tanker,Non-fishing
224089000,Purse seines,Purse seines,Fishing
224124000,Reefer,Reefer,Non-fishing
224152000,Cargo/Tanker,Tanker,Non-fishing
224166160,Trawlers,Trawlers,Fishing
224181230,Trawlers,Trawlers,Fishing
224184480,Passenger,Sailing,Non-fishing
224204520,Trawlers,Trawlers,Fishing
224263000,Cargo/Tanker,Tanker,Non-fishing
224356930,Passenger,Sailing,Non-fishing
224436000,Cargo/Tanker,Tanker,Non-fishing
224523000,Purse seines,Purse seines,Fishing
224606000,Cargo/Tanker,Tanker,Non-fishing
224651000,Purse seines,Purse seines,Fishing
224680000,Purse seines,Purse seines,Fishing
224782000,Purse seines,Purse seines,Fishing
224901000,Trawlers,Trawlers,Fishing
225420000,Cargo/Tanker,Tanker,Non-fishing
226150000,Trawlers,Trawlers,Fishing
226180000,Purse seines,Purse seines,Fishing
226317000,Cargo/Tanker,Tanker,Non-fishing
227025970,Passenger,Sailing,Non-fishing
227036970,Passenger,Sailing,Non-fishing
227091690,Passenger,Sailing,Non-fishing
227114690,Passenger,Sailing,Non-fishing
227140790,Passenger,Passenger,Non-fishing
227159210,Passenger,Sailing,Non-fishing
227192370,Passenger,Sailing,Non-fishing
227204390,Passenger,Passenger,Non-fishing
227221550,Passenger,Sailing,Non-fishing
227250120,Passenger,Sailing,Non-fishing
227261470,Passenger,Sailing,Non-fishing
227261790,Passenger,Sailing,Non-fishing
227264090,Passenger,Sailing,Non-fishing
227267620,Passenger,Sailing,Non-fishing
227336000,Trawlers,Trawlers,Fishing
227474000,Trawlers,Trawlers,Fishing
227532940,Passenger,Passenger,Non-fishing
227588590,Passenger,Sailing,Non-fishing
228011800,Passenger,Sailing,Non-fishing
228173600,Passenger,Sailing,Non-fishing
228203800,Trawlers,Trawlers,Fishing
228216600,Purse seines,Purse seines,Fishing
228248800,Passenger,Sailing,Non-fishing
228257700,Passenger,Sailing,Non-fishing
228301600,Trawlers,Trawlers,Fishing
228311900,Passenger,Sailing,Non-fishing
228316600,Cargo/Tanker,Tanker,Non-fishing
228338600,Cargo/Tanker,Cargo,Non-fishing
228340900,Cargo/Tanker,Cargo,Non-fishing
228353600,Cargo/Tanker,Cargo,Non-fishing
229036000,Cargo/Tanker,Tanker,Non-fishing
229037000,Cargo/Tanker,Tanker,Non-fishing
229052000,Tug/Pilot/Supply,Tug,Non-fishing
229069000,Cargo/Tanker,Tanker,Non-fishing
229167000,Passenger,Sailing,Non-fishing
229208000,Cargo/Tanker,Tanker,Non-fishing
229263000,Cargo/Tanker,Cargo,Non-fishing
229341000,Cargo/Tanker,Cargo,Non-fishing
229469000,Cargo/Tanker,Cargo,Non-fishing
229475000,Cargo/Tanker,Tanker,Non-fishing
229479000,Tug/Pilot/Supply,Pilot,Non-fishing
229557000,Cargo/Tanker,Cargo,Non-fishing
229575000,Reefer,Reefer,Non-fishing
229644000,Reefer,Reefer,Non-fishing
229646000,Cargo/Tanker,Cargo,Non-fishing
229737000,Cargo/Tanker,Cargo,Non-fishing
229824000,Cargo/Tanker,Cargo,Non-fishing
230990000,Trawlers,Trawlers,Fishing
231036000,Trawlers,Trawlers,Fishing
231045000,Trawlers,Trawlers,Fishing
231835000,Trawlers,Trawlers,Fishing
232004518,Passenger,Sailing,Non-fishing
232004960,Passenger,Sailing,Non-fishing
232095000,Cargo/Tanker,Tanker,Non-fishing
232204000,Passenger,Sailing,Non-fishing
232747000,Passenger,Passenger,Non-fishing
234052000,Trawlers,Trawlers,Fishing
234889000,Cargo/Tanker,Tanker,Non-fishing
234999086,Tug/Pilot/Supply,Pilot,Non-fishing
235003910,Cargo/Tanker,Cargo,Non-fishing
235006350,Cargo/Tanker,Cargo,Non-fishing
235007140,Passenger,Passenger,Non-fishing
235011770,Passenger,Sailing,Non-fishing
235016927,Passenger,Sailing,Non-fishing
235032253,Passenger,Sailing,Non-fishing
235060453,Cargo/Tanker,Tanker,Non-fishing
235060454,Cargo/Tanker,Tanker,Non-fishing
235063337,Cargo/Tanker,Tanker,Non-fishing
235066826,Passenger,Sailing,Non-fishing
235068031,Cargo/Tanker,Cargo,Non-fishing
235068238,Passenger,Sailing,Non-fishing
235068366,Passenger,Passenger,Non-fishing
235070011,Cargo/Tanker,Tanker,Non-fishing
235070031,Cargo/Tanker,Tanker,Non-fishing
235070716,Cargo/Tanker,Cargo,Non-fishing
235075032,Passenger,Passenger,Non-fishing
235076456,Passenger,Sailing,Non-fishing
235076932,Passenger,Sailing,Non-fishing
235077745,Passenger,Sailing,Non-fishing
235078558,Trawlers,Trawlers,Fishing
235079813,Passenger,Passenger,Non-fishing
235080525,Tug/Pilot/Supply,Tug,Non-fishing
235081665,Cargo/Tanker,Tanker,Non-fishing
235081957,Cargo/Tanker,Tanker,Non-fishing
235082449,Cargo/Tanker,Cargo,Non-fishing
235083804,Passenger,Sailing,Non-fishing
235084084,Passenger,Sailing,Non-fishing
235084501,Cargo/Tanker,Tanker,Non-fishing
235086113,Cargo/Tanker,Tanker,Non-fishing
235086622,Cargo/Tanker,Tanker,Non-fishing
235086877,Passenger,Sailing,Non-fishing
235087579,Cargo/Tanker,Cargo,Non-fishing
235089701,Passenger,Sailing,Non-fishing
235089707,Passenger,Sailing,Non-fishing
235095135,Passenger,Sailing,Non-fishing
235097081,Passenger,Sailing,Non-fishing
235099968,Passenger,Sailing,Non-fishing
235115000,Cargo/Tanker,Tanker,Non-fishing
235374000,Cargo/Tanker,Tanker,Non-fishing
235484000,Cargo/Tanker,Tanker,Non-fishing
235496000,Cargo/Tanker,Tanker,Non-fishing
235630000,Cargo/Tanker,Tanker,Non-fishing
235637000,Cargo/Tanker,Tanker,Non-fishing
235739000,Passenger,Passenger,Non-fishing
235778000,Cargo/Tanker,Tanker,Non-fishing
235844000,Cargo/Tanker,Cargo,Non-fishing
236111893,Cargo/Tanker,Tanker,Non-fishing
236111894,Cargo/Tanker,Tanker,Non-fishing
236536000,Cargo/Tanker,Cargo,Non-fishing
237632800,Passenger,Sailing,Non-fishing
237916000,Cargo/Tanker,Tanker,Non-fishing
239574000,Cargo/Tanker,Tanker,Non-fishing
240011000,Cargo/Tanker,Tanker,Non-fishing
240061000,Cargo/Tanker,Tanker,Non-fishing
240067000,Cargo/Tanker,Tanker,Non-fishing
240127000,Cargo/Tanker,Tanker,Non-fishing
240275000,Cargo/Tanker,Tanker,Non-fishing
240437000,Cargo/Tanker,Tanker,Non-fishing
240515000,Cargo/Tanker,Tanker,Non-fishing
240516000,Cargo/Tanker,Tanker,Non-fishing
240584000,Cargo/Tanker,Tanker,Non-fishing
240593000,Cargo/Tanker,Tanker,Non-fishing
240657000,Cargo/Tanker,Tanker,Non-fishing
240825000,Cargo/Tanker,Tanker,Non-fishing
240894000,Cargo/Tanker,Tanker,Non-fishing
240973000,Cargo/Tanker,Tanker,Non-fishing
241007000,Cargo/Tanker,Tanker,Non-fishing
241055000,Cargo/Tanker,Tanker,Non-fishing
241220000,Cargo/Tanker,Tanker,Non-fishing
241243000,Cargo/Tanker,Tanker,Non-fishing
241290000,Cargo/Tanker,Tanker,Non-fishing
244153221,Passenger,Sailing,Non-fishing
244162000,Cargo/Tanker,Cargo,Non-fishing
244170000,Cargo/Tanker,Cargo,Non-fishing
244542000,Reefer,Reefer,Non-fishing
244573180,Passenger,Passenger,Non-fishing
244690309,Passenger,Sailing,Non-fishing
244707000,Cargo/Tanker,Cargo,Non-fishing
244780262,Passenger,Passenger,Non-fishing
244826000,Cargo/Tanker,Cargo,Non-fishing
245005000,Cargo/Tanker,Cargo,Non-fishing
245094000,Cargo/Tanker,Tanker,Non-fishing
245196000,Cargo/Tanker,Tanker,Non-fishing
245409000,Reefer,Reefer,Non-fishing
245483000,Cargo/Tanker,Cargo,Non-fishing
245723000,Reefer,Reefer,Non-fishing
245912000,Cargo/Tanker,Cargo,Non-fishing
246021000,Trawlers,Trawlers,Fishing
246428000,Reefer,Reefer,Non-fishing
246579000,Cargo/Tanker,Tanker,Non-fishing
246592000,Cargo/Tanker,Cargo,Non-fishing
246614000,Cargo/Tanker,Cargo,Non-fishing
246619000,Cargo/Tanker,Cargo,Non-fishing
246620000,Cargo/Tanker,Cargo,Non-fishing
246661000,Cargo/Tanker,Cargo,Non-fishing
246733000,Cargo/Tanker,Cargo,Non-fishing
246767000,Cargo/Tanker,Cargo,Non-fishing
246771000,Cargo/Tanker,Cargo,Non-fishing
246863000,Cargo/Tanker,Cargo,Non-fishing
247002200,Cargo/Tanker,Cargo,Non-fishing
247012900,Cargo/Tanker,Cargo,Non-fishing
247188100,Cargo/Tanker,Cargo,Non-fishing
247190800,Cargo/Tanker,Cargo,Non-fishing
247206900,Cargo/Tanker,Cargo,Non-fishing
247227900,Cargo/Tanker,Tanker,Non-fishing
247239700,Cargo/Tanker,Tanker,Non-fishing
247240100,Cargo/Tanker,Tanker,Non-fishing
247257400,Cargo/Tanker,Tanker,Non-fishing
247283200,Cargo/Tanker,Tanker,Non-fishing
247320490,Passenger,Sailing,Non-fishing
247323600,Passenger,Passenger,Non-fishing
248171000,Cargo/Tanker,Cargo,Non-fishing
248299000,Cargo/Tanker,Tanker,Non-fishing
248327000,Tug/Pilot/Supply,Tug,Non-fishing
248552000,Cargo/Tanker,Cargo,Non-fishing
248571000,Cargo/Tanker,Tanker,Non-fishing
248671000,Cargo/Tanker,Tanker,Non-fishing
248950000,Cargo/Tanker,Cargo,Non-fishing
249357000,Cargo/Tanker,Tanker,Non-fishing
249458000,Cargo/Tanker,Tanker,Non-fishing
249665000,Reefer,Reefer,Non-fishing
249761000,Cargo/Tanker,Cargo,Non-fishing
249778000,Cargo/Tanker,Tanker,Non-fishing
249779000,Cargo/Tanker,Tanker,Non-fishing
249816000,Passenger,Sailing,Non-fishing
249842000,Cargo/Tanker,Tanker,Non-fishing
251019110,Trawlers,Trawlers,Fishing
251025110,Trawlers,Trawlers,Fishing
251031110,Trawlers,Trawlers,Fishing
251045000,Trawlers,Trawlers,Fishing
251049110,Trawlers,Trawlers,Fishing
251063000,Trawlers,Trawlers,Fishing
251092000,Trawlers,Trawlers,Fishing
251129000,Trawlers,Trawlers,Fishing
251143110,Trawlers,Trawlers,Fishing
251230110,Purse seines,Purse seines,Fishing
251240110,Trawlers,Trawlers,Fishing
251391000,Purse seines,Purse seines,Fishing
251463000,Purse seines,Purse seines,Fishing
251519000,Trawlers,Trawlers,Fishing
253036000,Passenger,Passenger,Non-fishing
253125000,Cargo/Tanker,Cargo,Non-fishing
255804740,Cargo/Tanker,Tanker,Non-fishing
255805260,Cargo/Tanker,Cargo,Non-fishing
255805558,Cargo/Tanker,Cargo,Non-fishing
255805571,Cargo/Tanker,Cargo,Non-fishing
255805604,Cargo/Tanker,Cargo,Non-fishing
256449000,Cargo/Tanker,Tanker,Non-fishing
256697000,Cargo/Tanker,Tanker,Non-fishing
257149000,Purse seines,Purse seines,Fishing
257248000,Trawlers,Trawlers,Fishing
257310000,Cargo/Tanker,Cargo,Non-fishing
257554600,Trawlers,Trawlers,Fishing
257625190,Passenger,Sailing,Non-fishing
257944490,Passenger,Sailing,Non-fishing
257948000,Cargo/Tanker,Tanker,Non-fishing
258045000,Trawlers,Trawlers,Fishing
258052000,Trawlers,Trawlers,Fishing
258090570,Passenger,Sailing,Non-fishing
258228000,Purse seines,Purse seines,Fishing
258371000,Trawlers,Trawlers,Fishing
258535000,Trawlers,Trawlers,Fishing
258554310,Passenger,Sailing,Non-fishing
258871000,Reefer,Reefer,Non-fishing
258931000,Cargo/Tanker,Tanker,Non-fishing
258965000,Cargo/Tanker,Tanker,Non-fishing
259082000,Cargo/Tanker,Tanker,Non-fishing
259109000,Purse seines,Purse seines,Fishing
259180000,Purse seines,Purse seines,Fishing
259375000,Purse seines,Purse seines,Fishing
259576000,Trawlers,Trawlers,Fishing
259641000,Trawlers,Trawlers,Fishing
259656000,Trawlers,Trawlers,Fishing
259659000,Trawlers,Trawlers,Fishing
259887000,Cargo/Tanker,Tanker,Non-fishing
261021560,Passenger,Sailing,Non-fishing
263501000,Trawlers,Trawlers,Fishing
265718140,Passenger,Sailing,Non-fishing
271002661,Cargo/Tanker,Tanker,Non-fishing
273213010,Trawlers,Trawlers,Fishing
273217010,Trawlers,Trawlers,Fishing
273219500,Trawlers,Trawlers,Fishing
273240400,Trawlers,Trawlers,Fishing
273291500,Trawlers,Trawlers,Fishing
273292700,Trawlers,Trawlers,Fishing
273293500,Trawlers,Trawlers,Fishing
273295000,Trawlers,Trawlers,Fishing
273295700,Trawlers,Trawlers,Fishing
273296700,Trawlers,Trawlers,Fishing
273297800,Trawlers,Trawlers,Fishing
273298800,Trawlers,Trawlers,Fishing
273315480,Trawlers,Trawlers,Fishing
273317270,Trawlers,Trawlers,Fishing
273339930,Trawlers,Trawlers,Fishing
273341920,Trawlers,Trawlers,Fishing
273347910,Trawlers,Trawlers,Fishing
273350120,Trawlers,Trawlers,Fishing
273350410,Trawlers,Trawlers,Fishing
273350650,Trawlers,Trawlers,Fishing
273350810,Trawlers,Trawlers,Fishing
273351760,Trawlers,Trawlers,Fishing
273355070,Trawlers,Trawlers,Fishing
273356020,Trawlers,Trawlers,Fishing
273356070,Trawlers,Trawlers,Fishing
273357170,Trawlers,Trawlers,Fishing
273358330,Trawlers,Trawlers,Fishing
273359300,Trawlers,Trawlers,Fishing
273359310,Trawlers,Trawlers,Fishing
273359630,Trawlers,Trawlers,Fishing
273410900,Trawlers,Trawlers,Fishing
273411800,Trawlers,Trawlers,Fishing
273413910,Trawlers,Trawlers,Fishing
273423560,Trawlers,Trawlers,Fishing
273423800,Trawlers,Trawlers,Fishing
273425070,Trawlers,Trawlers,Fishing
273427000,Trawlers,Trawlers,Fishing
273428220,Trawlers,Trawlers,Fishing
273429800,Trawlers,Trawlers,Fishing
273432710,Cargo/Tanker,Tanker,Non-fishing
273435020,Trawlers,Trawlers,Fishing
273435850,Trawlers,Trawlers,Fishing
273437550,Trawlers,Trawlers,Fishing
273437810,Trawlers,Trawlers,Fishing
273440840,Trawlers,Trawlers,Fishing
273445230,Trawlers,Trawlers,Fishing
273445250,Trawlers,Trawlers,Fishing
273447080,Trawlers,Trawlers,Fishing
273447860,Trawlers,Trawlers,Fishing
273448120,Trawlers,Trawlers,Fishing
273448750,Trawlers,Trawlers,Fishing
273449380,Trawlers,Trawlers,Fishing
273449620,Trawlers,Trawlers,Fishing
273450230,Trawlers,Trawlers,Fishing
273453080,Purse seines,Purse seines,Fishing
273514800,Trawlers,Trawlers,Fishing
273517500,Trawlers,Trawlers,Fishing
273517900,Trawlers,Trawlers,Fishing
273525500,Trawlers,Trawlers,Fishing
273525900,Trawlers,Trawlers,Fishing
273526000,Trawlers,Trawlers,Fishing
273527500,Trawlers,Trawlers,Fishing
273527900,Trawlers,Trawlers,Fishing
273555500,Trawlers,Trawlers,Fishing
273556500,Trawlers,Trawlers,Fishing
273563800,Trawlers,Trawlers,Fishing
273564500,Trawlers,Trawlers,Fishing
273565410,Trawlers,Trawlers,Fishing
273567010,Trawlers,Trawlers,Fishing
273613100,Trawlers,Trawlers,Fishing
273811060,Trawlers,Trawlers,Fishing
273811100,Trawlers,Trawlers,Fishing
273811300,Trawlers,Trawlers,Fishing
273812510,Trawlers,Trawlers,Fishing
273813300,Trawlers,Trawlers,Fishing
273815110,Trawlers,Trawlers,Fishing
273817400,Trawlers,Trawlers,Fishing
273819100,Trawlers,Trawlers,Fishing
273819700,Trawlers,Trawlers,Fishing
273820420,Trawlers,Trawlers,Fishing
273821000,Trawlers,Trawlers,Fishing
273822400,Trawlers,Trawlers,Fishing
273825710,Trawlers,Trawlers,Fishing
273827000,Trawlers,Trawlers,Fishing
273842020,Trawlers,Trawlers,Fishing
273843810,Trawlers,Trawlers,Fishing
273844910,Trawlers,Trawlers,Fishing
273845500,Trawlers,Trawlers,Fishing
273845610,Trawlers,Trawlers,Fishing
273845910,Trawlers,Trawlers,Fishing
273846010,Trawlers,Trawlers,Fishing
273846610,Trawlers,Trawlers,Fishing
273846810,Purse seines,Purse seines,Fishing
273847110,Trawlers,Trawlers,Fishing
273847400,Trawlers,Trawlers,Fishing
273847900,Trawlers,Trawlers,Fishing
273847910,Trawlers,Trawlers,Fishing
273848100,Trawlers,Trawlers,Fishing
273848210,Trawlers,Trawlers,Fishing
273848710,Trawlers,Trawlers,Fishing
273848910,Trawlers,Trawlers,Fishing
273849520,Trawlers,Trawlers,Fishing
273849910,Trawlers,Trawlers,Fishing
273854000,Trawlers,Trawlers,Fishing
273874000,Trawlers,Trawlers,Fishing
273875100,Trawlers,Trawlers,Fishing
273877500,Trawlers,Trawlers,Fishing
273890100,Trawlers,Trawlers,Fishing
273890710,Trawlers,Trawlers,Fishing
273892110,Trawlers,Trawlers,Fishing
273892610,Trawlers,Trawlers,Fishing
273893400,Trawlers,Trawlers,Fishing
273896000,Trawlers,Trawlers,Fishing
273896100,Trawlers,Trawlers,Fishing
273896300,Trawlers,Trawlers,Fishing
273897500,Trawlers,Trawlers,Fishing
273899000,Trawlers,Trawlers,Fishing
273899100,Trawlers,Trawlers,Fishing
273899600,Trawlers,Trawlers,Fishing
275019000,Trawlers,Trawlers,Fishing
276451000,Trawlers,Trawlers,Fishing
277249000,Trawlers,Trawlers,Fishing
277442000,Trawlers,Trawlers,Fishing
303303000,Trawlers,Trawlers,Fishing
303636000,Trawlers,Trawlers,Fishing
304010909,Cargo/Tanker,Cargo,Non-fishing
304164000,Cargo/Tanker,Cargo,Non-fishing
304221000,Cargo/Tanker,Cargo,Non-fishing
304225000,Cargo/Tanker,Cargo,Non-fishing
304579000,Cargo/Tanker,Cargo,Non-fishing
304679000,Cargo/Tanker,Cargo,Non-fishing
304807000,Cargo/Tanker,Cargo,Non-fishing
304868000,Cargo/Tanker,Cargo,Non-fishing
304968000,Cargo/Tanker,Cargo,Non-fishing
304977000,Passenger,Passenger,Non-fishing
304988000,Cargo/Tanker,Cargo,Non-fishing
305048000,Cargo/Tanker,Cargo,Non-fishing
305063000,Cargo/Tanker,Cargo,Non-fishing
305078000,Cargo/Tanker,Cargo,Non-fishing
305087000,Cargo/Tanker,Cargo,Non-fishing
305097000,Cargo/Tanker,Cargo,Non-fishing
305098000,Cargo/Tanker,Cargo,Non-fishing
305121000,Cargo/Tanker,Cargo,Non-fishing
305164000,Cargo/Tanker,Cargo,Non-fishing
305223000,Cargo/Tanker,Cargo,Non-fishing
305238000,Cargo/Tanker,Cargo,Non-fishing
305255000,Cargo/Tanker,Cargo,Non-fishing
305372000,Cargo/Tanker,Cargo,Non-fishing
305384000,Cargo/Tanker,Cargo,Non-fishing
305404000,Cargo/Tanker,Cargo,Non-fishing
305461000,Cargo/Tanker,Cargo,Non-fishing
305480000,Cargo/Tanker,Cargo,Non-fishing
305538000,Cargo/Tanker,Cargo,Non-fishing
305614000,Cargo/Tanker,Cargo,Non-fishing
305628000,Cargo/Tanker,Cargo,Non-fishing
305651000,Passenger,Sailing,Non-fishing
305689000,Cargo/Tanker,Cargo,Non-fishing
305704000,Cargo/Tanker,Cargo,Non-fishing
305729000,Cargo/Tanker,Cargo,Non-fishing
305730000,Cargo/Tanker,Cargo,Non-fishing
305748000,Cargo/Tanker,Cargo,Non-fishing
305749000,Cargo/Tanker,Cargo,Non-fishing
305752000,Cargo/Tanker,Cargo,Non-fishing
305756000,Cargo/Tanker,Cargo,Non-fishing
305757000,Cargo/Tanker,Cargo,Non-fishing
305774000,Cargo/Tanker,Cargo,Non-fishing
305775000,Cargo/Tanker,Cargo,Non-fishing
305792000,Cargo/Tanker,Cargo,Non-fishing
305822000,Cargo/Tanker,Cargo,Non-fishing
305847000,Cargo/Tanker,Cargo,Non-fishing
305866000,Cargo/Tanker,Cargo,Non-fishing
305871000,Cargo/Tanker,Cargo,Non-fishing
305901000,Cargo/Tanker,Cargo,Non-fishing
305973000,Cargo/Tanker,Cargo,Non-fishing
306083000,Reefer,Reefer,Non-fishing
306084000,Reefer,Reefer,Non-fishing
306216000,Reefer,Reefer,Non-fishing
306814000,Cargo/Tanker,Cargo,Non-fishing
306839000,Tug/Pilot/Supply,Tug,Non-fishing
306845000,Tug/Pilot/Supply,Tug,Non-fishing
306872000,Reefer,Reefer,Non-fishing
308438000,Reefer,Reefer,Non-fishing
308529000,Cargo/Tanker,Cargo,Non-fishing
308572000,Reefer,Reefer,Non-fishing
308668000,Reefer,Reefer,Non-fishing
308695000,Cargo/Tanker,Cargo,Non-fishing
308753000,Passenger,Passenger,Non-fishing
308795000,Cargo/Tanker,Cargo,Non-fishing
309022000,Cargo/Tanker,Tanker,Non-fishing
309056000,Passenger,Sailing,Non-fishing
309193000,Reefer,Reefer,Non-fishing
309578000,Reefer,Reefer,Non-fishing
309587000,Cargo/Tanker,Cargo,Non-fishing
309617000,Cargo/Tanker,Cargo,Non-fishing
309681000,Reefer,Reefer,Non-fishing
309823000,Cargo/Tanker,Cargo,Non-fishing
309841000,Reefer,Reefer,Non-fishing
310478000,Cargo/Tanker,Tanker,Non-fishing
310482000,Cargo/Tanker,Tanker,Non-fishing
310534000,Cargo/Tanker,Tanker,Non-fishing
310559000,Cargo/Tanker,Tanker,Non-fishing
310563000,Passenger,Passenger,Non-fishing
310565000,Cargo/Tanker,Tanker,Non-fishing
310570000,Passenger,Sailing,Non-fishing
310641000,Cargo/Tanker,Tanker,Non-fishing
310658000,Cargo/Tanker,Cargo,Non-fishing
310679000,Cargo/Tanker,Tanker,Non-fishing
311000083,Cargo/Tanker,Cargo,Non-fishing
311000093,Passenger,Motor passenger,Non-fishing
311000114,Cargo/Tanker,Cargo,Non-fishing
311000135,Cargo/Tanker,Tanker,Non-fishing
311022900,Cargo/Tanker,Tanker,Non-fishing
311032500,Cargo/Tanker,Cargo,Non-fishing
311037400,Cargo/Tanker,Cargo,Non-fishing
311038900,Passenger,Passenger,Non-fishing
311046600,Cargo/Tanker,Tanker,Non-fishing
311046700,Cargo/Tanker,Tanker,Non-fishing
311052300,Cargo/Tanker,Cargo,Non-fishing
311054900,Reefer,Reefer,Non-fishing
311057200,Cargo/Tanker,Tanker,Non-fishing
311062200,Reefer,Reefer,Non-fishing
311062300,Reefer,Reefer,Non-fishing
311062400,Reefer,Reefer,Non-fishing
311069200,Cargo/Tanker,Tanker,Non-fishing
311071100,Cargo/Tanker,Cargo,Non-fishing
311071200,Cargo/Tanker,Cargo,Non-fishing
311072100,Cargo/Tanker,Tanker,Non-fishing
311123000,Reefer,Reefer,Non-fishing
311259000,Cargo/Tanker,Cargo,Non-fishing
311288000,Cargo/Tanker,Cargo,Non-fishing
311289000,Reefer,Reefer,Non-fishing
311326000,Cargo/Tanker,Cargo,Non-fishing
311433000,Reefer,Reefer,Non-fishing
311447000,Reefer,Reefer,Non-fishing
311588000,Cargo/Tanker,Cargo,Non-fishing
311638000,Cargo/Tanker,Cargo,Non-fishing
311641000,Cargo/Tanker,Cargo,Non-fishing
311642000,Cargo/Tanker,Cargo,Non-fishing
311664000,Reefer,Reefer,Non-fishing
311665000,Reefer,Reefer,Non-fishing
311667000,Reefer,Reefer,Non-fishing
311702000,Cargo/Tanker,Tanker,Non-fishing
311707000,Cargo/Tanker,Tanker,Non-fishing
311708000,Cargo/Tanker,Tanker,Non-fishing
311774000,Cargo/Tanker,Tanker,Non-fishing
311824000,Cargo/Tanker,Tanker,Non-fishing
312022000,Reefer,Reefer,Non-fishing
312027000,Trawlers,Trawlers,Fishing
312060000,Trawlers,Trawlers,Fishing
314011000,Reefer,Reefer,Non-fishing
314012000,Reefer,Reefer,Non-fishing
314232000,Reefer,Reefer,Non-fishing
314277000,Cargo/Tanker,Cargo,Non-fishing
314401000,Passenger,Sailing,Non-fishing
316001412,Trawlers,Trawlers,Fishing
316001821,Trawlers,Trawlers,Fishing
316002445,Trawlers,Trawlers,Fishing
316002916,Trawlers,Trawlers,Fishing
316003182,Trawlers,Trawlers,Fishing
316003349,Trawlers,Trawlers,Fishing
316003365,Trawlers,Trawlers,Fishing
316003459,Trawlers,Trawlers,Fishing
316003513,Purse seines,Purse seines,Fishing
316004333,Trawlers,Trawlers,Fishing
316004539,Trawlers,Trawlers,Fishing
316004702,Trawlers,Trawlers,Fishing
316004981,Trawlers,Trawlers,Fishing
316005444,Trawlers,Trawlers,Fishing
316005448,Trawlers,Trawlers,Fishing
316005998,Trawlers,Trawlers,Fishing
316006850,Trawlers,Trawlers,Fishing
316006988,Trawlers,Trawlers,Fishing
316007539,Trawlers,Trawlers,Fishing
316007587,Trawlers,Trawlers,Fishing
316009550,Trawlers,Trawlers,Fishing
316009852,Trawlers,Trawlers,Fishing
316011760,Trawlers,Trawlers,Fishing
316012260,Trawlers,Trawlers,Fishing
316014803,Trawlers,Trawlers,Fishing
316015632,Trawlers,Trawlers,Fishing
316016225,Trawlers,Trawlers,Fishing
316016341,Trawlers,Trawlers,Fishing
316018801,Passenger,Sailing,Non-fishing
316018972,Passenger,Sailing,Non-fishing
316019447,Trawlers,Trawlers,Fishing
316020762,Trawlers,Trawlers,Fishing
316023452,Trawlers,Trawlers,Fishing
316023833,Trawlers,Trawlers,Fishing
316025987,Passenger,Sailing,Non-fishing
316111000,Trawlers,Trawlers,Fishing
316323000,Trawlers,Trawlers,Fishing
316327000,Passenger,Sailing,Non-fishing
319008800,Passenger,Sailing,Non-fishing
319011400,Passenger,Sailing,Non-fishing
319012800,Passenger,Passenger,Non-fishing
319014500,Cargo/Tanker,Tanker,Non-fishing
319019400,Passenger,Sailing,Non-fishing
319021600,Passenger,Sailing,Non-fishing
319024000,Passenger,Passenger,Non-fishing
319027100,Passenger,Passenger,Non-fishing
319027500,Passenger,Passenger,Non-fishing
319033400,Passenger,Passenger,Non-fishing
319036200,Passenger,Sailing,Non-fishing
319059800,Passenger,Passenger,Non-fishing
319198000,Passenger,Passenger,Non-fishing
319237000,Passenger,Passenger,Non-fishing
319305000,Passenger,Passenger,Non-fishing
319316000,Passenger,Passenger,Non-fishing
319326000,Passenger,Passenger,Non-fishing
319353000,Passenger,Sailing,Non-fishing
319387000,Passenger,Passenger,Non-fishing
319430000,Passenger,Passenger,Non-fishing
319436000,Passenger,Passenger,Non-fishing
319455000,Passenger,Passenger,Non-fishing
319459000,Cargo/Tanker,Tanker,Non-fishing
319478000,Cargo/Tanker,Tanker,Non-fishing
319545000,Cargo/Tanker,Tanker,Non-fishing
319591000,Cargo/Tanker,Tanker,Non-fishing
319605000,Cargo/Tanker,Tanker,Non-fishing
319608000,Passenger,Passenger,Non-fishing
319638000,Passenger,Passenger,Non-fishing
319669000,Passenger,Passenger,Non-fishing
319676000,Passenger,Passenger,Non-fishing
319733000,Passenger,Sailing,Non-fishing
319768000,Cargo/Tanker,Tanker,Non-fishing
319855000,Passenger,Passenger,Non-fishing
319858000,Passenger,Passenger,Non-fishing
319920000,Passenger,Passenger,Non-fishing
319937000,Passenger,Passenger,Non-fishing
329012540,Passenger,Passenger,Non-fishing
331119000,Trawlers,Trawlers,Fishing
331155000,Trawlers,Trawlers,Fishing
331165000,Trawlers,Trawlers,Fishing
338053214,Passenger,Passenger,Non-fishing
338137000,Trawlers,Trawlers,Fishing
338140000,Trawlers,Trawlers,Fishing
338250000,Trawlers,Trawlers,Fishing
338296000,Trawlers,Trawlers,Fishing
338494100,Trawlers,Trawlers,Fishing
338568000,Trawlers,Trawlers,Fishing
338622000,Purse seines,Purse seines,Fishing
338626000,Trawlers,Trawlers,Fishing
338673000,Trawlers,Trawlers,Fishing
338693000,Trawlers,Trawlers,Fishing
345009929,Cargo/Tanker,Tanker,Non-fishing
345010033,Tug/Pilot/Supply,Tug,Non-fishing
345030007,Cargo/Tanker,Tanker,Non-fishing
345070019,Tug/Pilot/Supply,Tug,Non-fishing
345070141,Cargo/Tanker,Cargo,Non-fishing
345080031,Purse seines,Purse seines,Fishing
345140009,Tug/Pilot/Supply,Tug,Non-fishing
345186001,Passenger,Sailing,Non-fishing
345971158,Tug/Pilot/Supply,Pilot,Non-fishing
347014310,Passenger,Passenger,Non-fishing
349052425,Purse seines,Purse seines,Fishing
350107000,Purse seines,Purse seines,Fishing
350108000,Purse seines,Purse seines,Fishing
351029000,Tug/Pilot/Supply,Tug,Non-fishing
351038000,Cargo/Tanker,Tanker,Non-fishing
351075000,Cargo/Tanker,Tanker,Non-fishing
351163000,Cargo/Tanker,Cargo,Non-fishing
351206000,Cargo/Tanker,Tanker,Non-fishing
351212000,Cargo/Tanker,Tanker,Non-fishing
351217000,Cargo/Tanker,Cargo,Non-fishing
351256000,Cargo/Tanker,Cargo,Non-fishing
351360000,Cargo/Tanker,Cargo,Non-fishing
351554000,Cargo/Tanker,Cargo,Non-fishing
351622000,Cargo/Tanker,Cargo,Non-fishing
351696000,Cargo/Tanker,Tanker,Non-fishing
351747000,Reefer,Reefer,Non-fishing
351763000,Reefer,Reefer,Non-fishing
351776000,Reefer,Reefer,Non-fishing
351801000,Cargo/Tanker,Cargo,Non-fishing
351861000,Cargo/Tanker,Cargo,Non-fishing
351863000,Cargo/Tanker,Cargo,Non-fishing
352057000,Cargo/Tanker,Tanker,Non-fishing
352317000,Cargo/Tanker,Tanker,Non-fishing
352386000,Cargo/Tanker,Cargo,Non-fishing
352401000,Cargo/Tanker,Tanker,Non-fishing
352408000,Reefer,Reefer,Non-fishing
352419000,Purse seines,Purse seines,Fishing
352467000,Cargo/Tanker,Cargo,Non-fishing
352475000,Reefer,Reefer,Non-fishing
352545000,Reefer,Reefer,Non-fishing
352555000,Cargo/Tanker,Tanker,Non-fishing
352565000,Cargo/Tanker,Tanker,Non-fishing
352610000,Reefer,Reefer,Non-fishing
352707000,Cargo/Tanker,Cargo,Non-fishing
352721000,Cargo/Tanker,Cargo,Non-fishing
352751000,Cargo/Tanker,Cargo,Non-fishing
352784000,Reefer,Reefer,Non-fishing
352844000,Reefer,Reefer,Non-fishing
352853000,Cargo/Tanker,Cargo,Non-fishing
352871000,Cargo/Tanker,Cargo,Non-fishing
352908000,Cargo/Tanker,Cargo,Non-fishing
352981000,Cargo/Tanker,Cargo,Non-fishing
353006000,Cargo/Tanker,Cargo,Non-fishing
353059000,Cargo/Tanker,Cargo,Non-fishing
353084000,Cargo/Tanker,Tanker,Non-fishing
353199000,Cargo/Tanker,Cargo,Non-fishing
353242000,Reefer,Reefer,Non-fishing
353244000,Cargo/Tanker,Tanker,Non-fishing
353262000,Cargo/Tanker,Cargo,Non-fishing
353295000,Cargo/Tanker,Cargo,Non-fishing
353392000,Cargo/Tanker,Tanker,Non-fishing
353490000,Purse seines,Purse seines,Fishing
353548000,Cargo/Tanker,Tanker,Non-fishing
353576000,Cargo/Tanker,Tanker,Non-fishing
353601000,Cargo/Tanker,Cargo,Non-fishing
353728000,Cargo/Tanker,Cargo,Non-fishing
353770000,Purse seines,Purse seines,Fishing
353804000,Cargo/Tanker,Cargo,Non-fishing
353894412,Cargo/Tanker,Cargo,Non-fishing
353903000,Cargo/Tanker,Cargo,Non-fishing
353937000,Reefer,Reefer,Non-fishing
353962000,Cargo/Tanker,Tanker,Non-fishing
353981000,Reefer,Reefer,Non-fishing
354036000,Reefer,Reefer,Non-fishing
354136000,Cargo/Tanker,Tanker,Non-fishing
354138000,Cargo/Tanker,Tanker,Non-fishing
354255000,Cargo/Tanker,Tanker,Non-fishing
354269000,Cargo/Tanker,Tanker,Non-fishing
354331000,Cargo/Tanker,Tanker,Non-fishing
354343000,Cargo/Tanker,Cargo,Non-fishing
354360000,Cargo/Tanker,Cargo,Non-fishing
354373000,Cargo/Tanker,Cargo,Non-fishing
354441000,Cargo/Tanker,Tanker,Non-fishing
354469000,Reefer,Reefer,Non-fishing
354499000,Cargo/Tanker,Cargo,Non-fishing
354593000,Passenger,Passenger,Non-fishing
354622000,Cargo/Tanker,Tanker,Non-fishing
354636000,Tug/Pilot/Supply,Tug,Non-fishing
354639000,Cargo/Tanker,Cargo,Non-fishing
354716000,Reefer,Reefer,Non-fishing
354736000,Cargo/Tanker,Cargo,Non-fishing
354813000,Cargo/Tanker,Cargo,Non-fishing
354828000,Cargo/Tanker,Tanker,Non-fishing
354851000,Cargo/Tanker,Cargo,Non-fishing
354871000,Reefer,Reefer,Non-fishing
354988000,Cargo/Tanker,Cargo,Non-fishing
355041000,Tug/Pilot/Supply,Tug,Non-fishing
355087000,Cargo/Tanker,Cargo,Non-fishing
355149000,Cargo/Tanker,Cargo,Non-fishing
355193000,Purse seines,Purse seines,Fishing
355199000,Reefer,Reefer,Non-fishing
355260000,Cargo/Tanker,Tanker,Non-fishing
355284000,Cargo/Tanker,Tanker,Non-fishing
355388000,Cargo/Tanker,Tanker,Non-fishing
355400000,Cargo/Tanker,Cargo,Non-fishing
355416000,Cargo/Tanker,Cargo,Non-fishing
355461000,Cargo/Tanker,Tanker,Non-fishing
355467265,Cargo/Tanker,Tanker,Non-fishing
355494000,Cargo/Tanker,Tanker,Non-fishing
355497000,Cargo/Tanker,Tanker,Non-fishing
355643000,Reefer,Reefer,Non-fishing
355651000,Purse seines,Purse seines,Fishing
355680000,Cargo/Tanker,Cargo,Non-fishing
355700000,Cargo/Tanker,Tanker,Non-fishing
355733000,Cargo/Tanker,Tanker,Non-fishing
355760000,Cargo/Tanker,Cargo,Non-fishing
355802000,Reefer,Reefer,Non-fishing
355893000,Tug/Pilot/Supply,Tug,Non-fishing
355909000,Cargo/Tanker,Tanker,Non-fishing
355919000,Cargo/Tanker,Cargo,Non-fishing
355920000,Cargo/Tanker,Tanker,Non-fishing
355966000,Reefer,Reefer,Non-fishing
356093000,Cargo/Tanker,Cargo,Non-fishing
356112000,Cargo/Tanker,Cargo,Non-fishing
356161000,Cargo/Tanker,Cargo,Non-fishing
356212000,Cargo/Tanker,Tanker,Non-fishing
356349000,Cargo/Tanker,Cargo,Non-fishing
356394000,Purse seines,Purse seines,Fishing
356447000,Cargo/Tanker,Tanker,Non-fishing
356466000,Cargo/Tanker,Tanker,Non-fishing
356517000,Reefer,Reefer,Non-fishing
356673000,Cargo/Tanker,Tanker,Non-fishing
356702000,Cargo/Tanker,Tanker,Non-fishing
356703000,Cargo/Tanker,Cargo,Non-fishing
356737000,Purse seines,Purse seines,Fishing
356773000,Cargo/Tanker,Tanker,Non-fishing
356878000,Reefer,Reefer,Non-fishing
356990000,Cargo/Tanker,Cargo,Non-fishing
357041000,Reefer,Reefer,Non-fishing
357101000,Cargo/Tanker,Cargo,Non-fishing
357169000,Cargo/Tanker,Cargo,Non-fishing
357383000,Cargo/Tanker,Tanker,Non-fishing
357493000,Cargo/Tanker,Cargo,Non-fishing
357497000,Reefer,Reefer,Non-fishing
357513000,Cargo/Tanker,Cargo,Non-fishing
357547000,Cargo/Tanker,Cargo,Non-fishing
357721000,Cargo/Tanker,Cargo,Non-fishing
357726000,Cargo/Tanker,Cargo,Non-fishing
357735000,Reefer,Reefer,Non-fishing
357736000,Cargo/Tanker,Tanker,Non-fishing
357737000,Cargo/Tanker,Cargo,Non-fishing
357874000,Cargo/Tanker,Cargo,Non-fishing
357925000,Reefer,Reefer,Non-fishing
359001000,Purse seines,Purse seines,Fishing
366047000,Trawlers,Trawlers,Fishing
366207630,Trawlers,Trawlers,Fishing
366222330,Trawlers,Trawlers,Fishing
366264360,Trawlers,Trawlers,Fishing
366408250,Trawlers,Trawlers,Fishing
366425240,Trawlers,Trawlers,Fishing
366468000,Trawlers,Trawlers,Fishing
366499000,Trawlers,Trawlers,Fishing
366691880,Trawlers,Trawlers,Fishing
366738920,Trawlers,Trawlers,Fishing
366744320,Trawlers,Trawlers,Fishing
366799770,Tug/Pilot/Supply,Tug,Non-fishing
366860000,Trawlers,Trawlers,Fishing
366864000,Trawlers,Trawlers,Fishing
366886050,Passenger,Sailing,Non-fishing
366946150,Tug/Pilot/Supply,Tug,Non-fishing
366951240,Tug/Pilot/Supply,Tug,Non-fishing
366953860,Tug/Pilot/Supply,Tug,Non-fishing
366971710,Tug/Pilot/Supply,Tug,Non-fishing
366971830,Tug/Pilot/Supply,Tug,Non-fishing
366973590,Tug/Pilot/Supply,Pilot,Non-fishing
366978060,Trawlers,Trawlers,Fishing
366978110,Trawlers,Trawlers,Fishing
366988470,Tug/Pilot/Supply,Tug,Non-fishing
366993790,Trawlers,Trawlers,Fishing
367004010,Tug/Pilot/Supply,Tug,Non-fishing
367006240,Tug/Pilot/Supply,Tug,Non-fishing
367032060,Trawlers,Trawlers,Fishing
367036790,Passenger,Sailing,Non-fishing
367038990,Trawlers,Trawlers,Fishing
367056452,Trawlers,Trawlers,Fishing
367057890,Tug/Pilot/Supply,Tug,Non-fishing
367066070,Tug/Pilot/Supply,Tug,Non-fishing
367073540,Passenger,Passenger,Non-fishing
367077510,Passenger,Sailing,Non-fishing
367078130,Trawlers,Trawlers,Fishing
367082010,Trawlers,Trawlers,Fishing
367082710,Trawlers,Trawlers,Fishing
367083560,Trawlers,Trawlers,Fishing
367084590,Trawlers,Trawlers,Fishing
367086760,Trawlers,Trawlers,Fishing
367090940,Passenger,Sailing,Non-fishing
367092210,Tug/Pilot/Supply,Tug,Non-fishing
367094720,Tug/Pilot/Supply,Tug,Non-fishing
367095660,Tug/Pilot/Supply,Tug,Non-fishing
367109630,Passenger,Sailing,Non-fishing
367120350,Passenger,Sailing,Non-fishing
367123140,Passenger,Sailing,Non-fishing
367142010,Passenger,Passenger,Non-fishing
367142710,Tug/Pilot/Supply,Tug,Non-fishing
367147290,Passenger,Sailing,Non-fishing
367156340,Trawlers,Trawlers,Fishing
367158250,Tug/Pilot/Supply,Tug,Non-fishing
367161350,Trawlers,Trawlers,Fishing
367162190,Trawlers,Trawlers,Fishing
367169090,Tug/Pilot/Supply,Tug,Non-fishing
367172050,Passenger,Sailing,Non-fishing
367307120,Tug/Pilot/Supply,Tug,Non-fishing
367317000,Trawlers,Trawlers,Fishing
367331830,Tug/Pilot/Supply,Tug,Non-fishing
367346310,Tug/Pilot/Supply,Tug,Non-fishing
367354780,Tug/Pilot/Supply,Tug,Non-fishing
367362460,Tug/Pilot/Supply,Tug,Non-fishing
367390380,Trawlers,Trawlers,Fishing
367392030,Tug/Pilot/Supply,Tug,Non-fishing
367399910,Trawlers,Trawlers,Fishing
367402560,Tug/Pilot/Supply,Tug,Non-fishing
367402730,Tug/Pilot/Supply,Tug,Non-fishing
367405000,Trawlers,Trawlers,Fishing
367412610,Tug/Pilot/Supply,Tug,Non-fishing
367426420,Trawlers,Trawlers,Fishing
367455690,Purse seines,Purse seines,Fishing
367458670,Tug/Pilot/Supply,Tug,Non-fishing
367479750,Trawlers,Trawlers,Fishing
367490000,Trawlers,Trawlers,Fishing
367491070,Tug/Pilot/Supply,Tug,Non-fishing
367494710,Purse seines,Purse seines,Fishing
367514650,Tug/Pilot/Supply,Tug,Non-fishing
367522830,Trawlers,Trawlers,Fishing
367528000,Trawlers,Trawlers,Fishing
367532880,Tug/Pilot/Supply,Tug,Non-fishing
367533040,Tug/Pilot/Supply,Tug,Non-fishing
367536660,Tug/Pilot/Supply,Tug,Non-fishing
367571460,Trawlers,Trawlers,Fishing
367603000,Trawlers,Trawlers,Fishing
367618000,Trawlers,Trawlers,Fishing
367650000,Trawlers,Trawlers,Fishing
367694000,Trawlers,Trawlers,Fishing
368032000,Trawlers,Trawlers,Fishing
368085000,Trawlers,Trawlers,Fishing
368206000,Trawlers,Trawlers,Fishing
368240000,Tug/Pilot/Supply,Tug,Non-fishing
368371000,Trawlers,Trawlers,Fishing
368412000,Trawlers,Trawlers,Fishing
368548000,Trawlers,Trawlers,Fishing
369531000,Trawlers,Trawlers,Fishing
369970629,Tug/Pilot/Supply,Tug,Non-fishing
370120000,Tug/Pilot/Supply,Tug,Non-fishing
370248000,Tug/Pilot/Supply,Tug,Non-fishing
370261000,Cargo/Tanker,Cargo,Non-fishing
370289000,Cargo/Tanker,Cargo,Non-fishing
370305000,Reefer,Reefer,Non-fishing
370387000,Cargo/Tanker,Cargo,Non-fishing
370475000,Cargo/Tanker,Cargo,Non-fishing
370613000,Cargo/Tanker,Tanker,Non-fishing
370662000,Cargo/Tanker,Cargo,Non-fishing
370668000,Cargo/Tanker,Tanker,Non-fishing
370687000,Cargo/Tanker,Tanker,Non-fishing
370711000,Cargo/Tanker,Tanker,Non-fishing
370947000,Cargo/Tanker,Cargo,Non-fishing
371093000,Cargo/Tanker,Cargo,Non-fishing
371106000,Purse seines,Purse seines,Fishing
371216000,Purse seines,Purse seines,Fishing
371224000,Purse seines,Purse seines,Fishing
371228000,Cargo/Tanker,Cargo,Non-fishing
371293000,Cargo/Tanker,Cargo,Non-fishing
371401000,Cargo/Tanker,Tanker,Non-fishing
371428000,Cargo/Tanker,Cargo,Non-fishing
371654658,Cargo/Tanker,Cargo,Non-fishing
371696000,Purse seines,Purse seines,Fishing
371716000,Cargo/Tanker,Cargo,Non-fishing
371741000,Cargo/Tanker,Tanker,Non-fishing
371752000,Cargo/Tanker,Cargo,Non-fishing
371759000,Purse seines,Purse seines,Fishing
371789000,Purse seines,Purse seines,Fishing
371799000,Cargo/Tanker,Cargo,Non-fishing
371924000,Cargo/Tanker,Tanker,Non-fishing
371936000,Cargo/Tanker,Tanker,Non-fishing
371945000,Cargo/Tanker,Cargo,Non-fishing
371961000,Cargo/Tanker,Cargo,Non-fishing
371969000,Cargo/Tanker,Tanker,Non-fishing
372011000,Tug/Pilot/Supply,Tug,Non-fishing
372050000,Cargo/Tanker,Cargo,Non-fishing
372062000,Cargo/Tanker,Cargo,Non-fishing
372371000,Cargo/Tanker,Cargo,Non-fishing
372527000,Purse seines,Purse seines,Fishing
372594000,Purse seines,Purse seines,Fishing
372736000,Cargo/Tanker,Cargo,Non-fishing
372742000,Cargo/Tanker,Cargo,Non-fishing
372808000,Passenger,Passenger,Non-fishing
372880000,Purse seines,Purse seines,Fishing
372910000,Reefer,Reefer,Non-fishing
372920000,Cargo/Tanker,Tanker,Non-fishing
372973000,Cargo/Tanker,Cargo,Non-fishing
373039000,Reefer,Reefer,Non-fishing
373320000,Cargo/Tanker,Cargo,Non-fishing
373640000,Cargo/Tanker,Cargo,Non-fishing
373821000,Cargo/Tanker,Cargo,Non-fishing
376255000,Tug/Pilot/Supply,Tug,Non-fishing
376258000,Tug/Pilot/Supply,Tug,Non-fishing
376513000,Tug/Pilot/Supply,Tug,Non-fishing
376602000,Trawlers,Trawlers,Fishing
376746000,Cargo/Tanker,Cargo,Non-fishing
412003000,Cargo/Tanker,Cargo,Non-fishing
412122000,Cargo/Tanker,Cargo,Non-fishing
412442870,Cargo/Tanker,Cargo,Non-fishing
412442890,Cargo/Tanker,Cargo,Non-fishing
413065000,Cargo/Tanker,Cargo,Non-fishing
413072000,Cargo/Tanker,Cargo,Non-fishing
413076000,Cargo/Tanker,Cargo,Non-fishing
413090000,Cargo/Tanker,Tanker,Non-fishing
419547000,Cargo/Tanker,Tanker,Non-fishing
431100850,Purse seines,Purse seines,Fishing
431155000,Purse seines,Purse seines,Fishing
431159000,Purse seines,Purse seines,Fishing
431331000,Purse seines,Purse seines,Fishing
431397000,Trawlers,Trawlers,Fishing
431399000,Purse seines,Purse seines,Fishing
431465000,Trawlers,Trawlers,Fishing
431619000,Trawlers,Trawlers,Fishing
431726000,Trawlers,Trawlers,Fishing
431812000,Purse seines,Purse seines,Fishing
431866000,Purse seines,Purse seines,Fishing
431932000,Purse seines,Purse seines,Fishing
432261000,Purse seines,Purse seines,Fishing
432410000,Purse seines,Purse seines,Fishing
432438000,Purse seines,Purse seines,Fishing
432487000,Purse seines,Purse seines,Fishing
432564000,Purse seines,Purse seines,Fishing
432649000,Cargo/Tanker,Cargo,Non-fishing
432666000,Cargo/Tanker,Cargo,Non-fishing
432685000,Purse seines,Purse seines,Fishing
432708000,Purse seines,Purse seines,Fishing
432726000,Purse seines,Purse seines,Fishing
432738000,Purse seines,Purse seines,Fishing
432927000,Trawlers,Trawlers,Fishing
435509448,Cargo/Tanker,Cargo,Non-fishing
440097000,Purse seines,Purse seines,Fishing
440101000,Purse seines,Purse seines,Fishing
440222000,Purse seines,Purse seines,Fishing
441688000,Cargo/Tanker,Cargo,Non-fishing
441725000,Reefer,Reefer,Non-fishing
477001300,Cargo/Tanker,Cargo,Non-fishing
477047900,Cargo/Tanker,Tanker,Non-fishing
477071400,Cargo/Tanker,Tanker,Non-fishing
477107300,Cargo/Tanker,Tanker,Non-fishing
477144200,Cargo/Tanker,Cargo,Non-fishing
477171000,Cargo/Tanker,Tanker,Non-fishing
477177600,Cargo/Tanker,Tanker,Non-fishing
477190100,Cargo/Tanker,Tanker,Non-fishing
477201500,Cargo/Tanker,Tanker,Non-fishing
477229900,Cargo/Tanker,Tanker,Non-fishing
477266900,Cargo/Tanker,Cargo,Non-fishing
477351300,Cargo/Tanker,Tanker,Non-fishing
477415700,Cargo/Tanker,Tanker,Non-fishing
477530000,Cargo/Tanker,Cargo,Non-fishing
477535400,Cargo/Tanker,Cargo,Non-fishing
477559600,Cargo/Tanker,Cargo,Non-fishing
477607500,Cargo/Tanker,Tanker,Non-fishing
477656400,Cargo/Tanker,Cargo,Non-fishing
477657600,Cargo/Tanker,Cargo,Non-fishing
477690800,Cargo/Tanker,Cargo,Non-fishing
477733700,Cargo/Tanker,Tanker,Non-fishing
477733900,Cargo/Tanker,Tanker,Non-fishing
477744108,Cargo/Tanker,Cargo,Non-fishing
477746800,Cargo/Tanker,Tanker,Non-fishing
477752300,Cargo/Tanker,Cargo,Non-fishing
477768200,Cargo/Tanker,Tanker,Non-fishing
477878000,Cargo/Tanker,Cargo,Non-fishing
477947600,Cargo/Tanker,Cargo,Non-fishing
477950600,Cargo/Tanker,Tanker,Non-fishing
503741000,Passenger,Passenger,Non-fishing
512093000,Passenger,Sailing,Non-fishing
518000019,Passenger,Sailing,Non-fishing
529126000,Cargo/Tanker,Tanker,Non-fishing
529244000,Reefer,Reefer,Non-fishing
529765000,Purse seines,Purse seines,Fishing
533047200,Cargo/Tanker,Tanker,Non-fishing
533678000,Cargo/Tanker,Tanker,Non-fishing
538001400,Cargo/Tanker,Tanker,Non-fishing
538001560,Cargo/Tanker,Tanker,Non-fishing
538001594,Cargo/Tanker,Tanker,Non-fishing
538001711,Cargo/Tanker,Tanker,Non-fishing
538002150,Cargo/Tanker,Tanker,Non-fishing
538002187,Cargo/Tanker,Tanker,Non-fishing
538002269,Cargo/Tanker,Tanker,Non-fishing
538002270,Cargo/Tanker,Tanker,Non-fishing
538002271,Cargo/Tanker,Tanker,Non-fishing
538002274,Cargo/Tanker,Tanker,Non-fishing
538002275,Cargo/Tanker,Tanker,Non-fishing
538002277,Cargo/Tanker,Tanker,Non-fishing
538002278,Cargo/Tanker,Tanker,Non-fishing
538002279,Cargo/Tanker,Tanker,Non-fishing
538002295,Cargo/Tanker,Tanker,Non-fishing
538002621,Cargo/Tanker,Tanker,Non-fishing
538002662,Cargo/Tanker,Tanker,Non-fishing
538002663,Cargo/Tanker,Tanker,Non-fishing
538002756,Cargo/Tanker,Tanker,Non-fishing
538002775,Cargo/Tanker,Tanker,Non-fishing
538002869,Cargo/Tanker,Tanker,Non-fishing
538002910,Cargo/Tanker,Tanker,Non-fishing
538002946,Cargo/Tanker,Tanker,Non-fishing
538002947,Cargo/Tanker,Tanker,Non-fishing
538003279,Cargo/Tanker,Tanker,Non-fishing
538003667,Cargo/Tanker,Tanker,Non-fishing
538003673,Cargo/Tanker,Tanker,Non-fishing
538003756,Cargo/Tanker,Tanker,Non-fishing
538003824,Cargo/Tanker,Tanker,Non-fishing
538003858,Cargo/Tanker,Tanker,Non-fishing
538004017,Cargo/Tanker,Tanker,Non-fishing
538004030,Cargo/Tanker,Tanker,Non-fishing
538004055,Cargo/Tanker,Cargo,Non-fishing
538004146,Cargo/Tanker,Tanker,Non-fishing
538004149,Cargo/Tanker,Tanker,Non-fishing
538004150,Cargo/Tanker,Tanker,Non-fishing
538004235,Cargo/Tanker,Tanker,Non-fishing
538004255,Cargo/Tanker,Tanker,Non-fishing
538004321,Cargo/Tanker,Tanker,Non-fishing
538004375,Cargo/Tanker,Tanker,Non-fishing
538004376,Cargo/Tanker,Tanker,Non-fishing
538004381,Cargo/Tanker,Tanker,Non-fishing
538004442,Cargo/Tanker,Tanker,Non-fishing
538004594,Cargo/Tanker,Tanker,Non-fishing
538004729,Reefer,Reefer,Non-fishing
538004731,Reefer,Reefer,Non-fishing
538004732,Reefer,Reefer,Non-fishing
538004786,Cargo/Tanker,Tanker,Non-fishing
538004806,Cargo/Tanker,Cargo,Non-fishing
538004919,Cargo/Tanker,Tanker,Non-fishing
538004927,Cargo/Tanker,Cargo,Non-fishing
538005038,Reefer,Reefer,Non-fishing
538070803,Passenger,Passenger,Non-fishing
538070838,Passenger,Passenger,Non-fishing
538080008,Passenger,Passenger,Non-fishing
538080020,Passenger,Sailing,Non-fishing
538090461,Cargo/Tanker,Cargo,Non-fishing
548457000,Cargo/Tanker,Cargo,Non-fishing
548749000,Cargo/Tanker,Cargo,Non-fishing
563074000,Cargo/Tanker,Cargo,Non-fishing
563171000,Cargo/Tanker,Cargo,Non-fishing
563188000,Cargo/Tanker,Tanker,Non-fishing
563258000,Cargo/Tanker,Cargo,Non-fishing
563267000,Cargo/Tanker,Cargo,Non-fishing
563290000,Cargo/Tanker,Tanker,Non-fishing
563508000,Cargo/Tanker,Cargo,Non-fishing
563707000,Cargo/Tanker,Tanker,Non-fishing
563847000,Cargo/Tanker,Tanker,Non-fishing
563926000,Tug/Pilot/Supply,Tug,Non-fishing
563944000,Cargo/Tanker,Tanker,Non-fishing
563952000,Cargo/Tanker,Tanker,Non-fishing
564010000,Cargo/Tanker,Cargo,Non-fishing
564053000,Cargo/Tanker,Cargo,Non-fishing
564067000,Cargo/Tanker,Cargo,Non-fishing
564081000,Cargo/Tanker,Tanker,Non-fishing
564386000,Cargo/Tanker,Cargo,Non-fishing
564398000,Cargo/Tanker,Cargo,Non-fishing
564399000,Cargo/Tanker,Cargo,Non-fishing
564646000,Cargo/Tanker,Tanker,Non-fishing
564708000,Cargo/Tanker,Cargo,Non-fishing
564862000,Cargo/Tanker,Cargo,Non-fishing
564958000,Cargo/Tanker,Tanker,Non-fishing
565048000,Cargo/Tanker,Cargo,Non-fishing
565389000,Cargo/Tanker,Tanker,Non-fishing
565431000,Cargo/Tanker,Cargo,Non-fishing
565568000,Cargo/Tanker,Tanker,Non-fishing
565639000,Cargo/Tanker,Tanker,Non-fishing
565717000,Cargo/Tanker,Tanker,Non-fishing
565735000,Cargo/Tanker,Cargo,Non-fishing
565788000,Cargo/Tanker,Tanker,Non-fishing
565793000,Cargo/Tanker,Tanker,Non-fishing
565821000,Cargo/Tanker,Tanker,Non-fishing
565909000,Cargo/Tanker,Cargo,Non-fishing
566032000,Cargo/Tanker,Cargo,Non-fishing
566141000,Cargo/Tanker,Tanker,Non-fishing
566253000,Cargo/Tanker,Tanker,Non-fishing
566549000,Cargo/Tanker,Tanker,Non-fishing
566689000,Cargo/Tanker,Cargo,Non-fishing
566739000,Cargo/Tanker,Tanker,Non-fishing
566827000,Cargo/Tanker,Cargo,Non-fishing
566828000,Cargo/Tanker,Cargo,Non-fishing
566886000,Cargo/Tanker,Cargo,Non-fishing
566933000,Cargo/Tanker,Cargo,Non-fishing
566942000,Cargo/Tanker,Cargo,Non-fishing
566980000,Cargo/Tanker,Tanker,Non-fishing
567168000,Cargo/Tanker,Cargo,Non-fishing
576262000,Purse seines,Purse seines,Fishing
576327000,Cargo/Tanker,Cargo,Non-fishing
576411000,Reefer,Reefer,Non-fishing
576497000,Trawlers,Trawlers,Fishing
576507000,Cargo/Tanker,Cargo,Non-fishing
577089000,Cargo/Tanker,Cargo,Non-fishing
577182000,Tug/Pilot/Supply,Tug,Non-fishing
616798000,Trawlers,Trawlers,Fishing
636009174,Reefer,Reefer,Non-fishing
636009381,Reefer,Reefer,Non-fishing
636009672,Reefer,Reefer,Non-fishing
636009832,Cargo/Tanker,Tanker,Non-fishing
636011004,Reefer,Reefer,Non-fishing
636011604,Cargo/Tanker,Tanker,Non-fishing
636011656,Cargo/Tanker,Tanker,Non-fishing
636011659,Cargo/Tanker,Tanker,Non-fishing
636012261,Reefer,Reefer,Non-fishing
636012271,Cargo/Tanker,Tanker,Non-fishing
636012731,Cargo/Tanker,Tanker,Non-fishing
636012800,Cargo/Tanker,Tanker,Non-fishing
636012884,Cargo/Tanker,Tanker,Non-fishing
636013087,Cargo/Tanker,Tanker,Non-fishing
636013235,Cargo/Tanker,Tanker,Non-fishing
636013629,Cargo/Tanker,Cargo,Non-fishing
636013651,Reefer,Reefer,Non-fishing
636014311,Cargo/Tanker,Tanker,Non-fishing
636014384,Cargo/Tanker,Tanker,Non-fishing
636014506,Cargo/Tanker,Tanker,Non-fishing
636014622,Cargo/Tanker,Tanker,Non-fishing
636014623,Cargo/Tanker,Tanker,Non-fishing
636014645,Cargo/Tanker,Cargo,Non-fishing
636014655,Reefer,Reefer,Non-fishing
636014665,Cargo/Tanker,Tanker,Non-fishing
636014805,Cargo/Tanker,Tanker,Non-fishing
636015036,Cargo/Tanker,Tanker,Non-fishing
636015142,Cargo/Tanker,Tanker,Non-fishing
636015174,Cargo/Tanker,Tanker,Non-fishing
636015175,Cargo/Tanker,Tanker,Non-fishing
636015176,Cargo/Tanker,Tanker,Non-fishing
636015177,Cargo/Tanker,Tanker,Non-fishing
636015178,Cargo/Tanker,Tanker,Non-fishing
636015515,Cargo/Tanker,Cargo,Non-fishing
636015556,Cargo/Tanker,Tanker,Non-fishing
636015593,Passenger,Passenger,Non-fishing
636015806,Cargo/Tanker,Cargo,Non-fishing
636015980,Cargo/Tanker,Cargo,Non-fishing
636016177,Cargo/Tanker,Cargo,Non-fishing
636090217,Reefer,Reefer,Non-fishing
636090299,Cargo/Tanker,Cargo,Non-fishing
636090664,Cargo/Tanker,Cargo,Non-fishing
636090822,Cargo/Tanker,Cargo,Non-fishing
636090856,Cargo/Tanker,Cargo,Non-fishing
636090921,Cargo/Tanker,Cargo,Non-fishing
636090964,Cargo/Tanker,Cargo,Non-fishing
636091007,Reefer,Reefer,Non-fishing
636091015,Reefer,Reefer,Non-fishing
636091016,Reefer,Reefer,Non-fishing
636091058,Cargo/Tanker,Cargo,Non-fishing
636091094,Tug/Pilot/Supply,Tug,Non-fishing
636091103,Reefer,Reefer,Non-fishing
636091122,Cargo/Tanker,Cargo,Non-fishing
636091129,Cargo/Tanker,Cargo,Non-fishing
636091198,Cargo/Tanker,Cargo,Non-fishing
636091225,Cargo/Tanker,Cargo,Non-fishing
636091275,Cargo/Tanker,Cargo,Non-fishing
636091312,Cargo/Tanker,Cargo,Non-fishing
636091324,Cargo/Tanker,Cargo,Non-fishing
636091325,Cargo/Tanker,Cargo,Non-fishing
636091472,Cargo/Tanker,Cargo,Non-fishing
636091732,Cargo/Tanker,Cargo,Non-fishing
636091751,Tug/Pilot/Supply,Tug,Non-fishing
636091752,Tug/Pilot/Supply,Tug,Non-fishing
636091753,Cargo/Tanker,Cargo,Non-fishing
636091754,Tug/Pilot/Supply,Tug,Non-fishing
636091756,Tug/Pilot/Supply,Tug,Non-fishing
636091781,Cargo/Tanker,Cargo,Non-fishing
636091788,Cargo/Tanker,Cargo,Non-fishing
636091800,Cargo/Tanker,Cargo,Non-fishing
636092035,Cargo/Tanker,Cargo,Non-fishing
636092180,Cargo/Tanker,Tanker,Non-fishing
636092303,Cargo/Tanker,Cargo,Non-fishing
636092314,Cargo/Tanker,Cargo,Non-fishing
636092369,Cargo/Tanker,Cargo,Non-fishing
636092399,Reefer,Reefer,Non-fishing
636092400,Reefer,Reefer,Non-fishing
636092401,Tug/Pilot/Supply,Tug,Non-fishing
636092424,Cargo/Tanker,Cargo,Non-fishing
650766201,Purse seines,Purse seines,Fishing
710008510,Cargo/Tanker,Cargo,Non-fishing
710009040,Cargo/Tanker,Cargo,Non-fishing
725000818,Cargo/Tanker,Cargo,Non-fishing
725019006,Passenger,Sailing,Non-fishing
725019030,Cargo/Tanker,Tanker,Non-fishing
730014000,Purse seines,Purse seines,Fishing
730015000,Purse seines,Purse seines,Fishing
730016000,Purse seines,Purse seines,Fishing
730017000,Purse seines,Purse seines,Fishing
730018000,Purse seines,Purse seines,Fishing
730019000,Purse seines,Purse seines,Fishing
730048000,Purse seines,Purse seines,Fishing
730049000,Purse seines,Purse seines,Fishing
730050000,Purse seines,Purse seines,Fishing
730051000,Purse seines,Purse seines,Fishing
730052000,Purse seines,Purse seines,Fishing
730059000,Purse seines,Purse seines,Fishing
735023470,Passenger,Passenger,Non-fishing
735023483,Passenger,Passenger,Non-fishing
735057501,Purse seines,Purse seines,Fishing
735057523,Purse seines,Purse seines,Fishing
735057549,Cargo/Tanker,Tanker,Non-fishing
735057559,Purse seines,Purse seines,Fishing
735057561,Passenger,Passenger,Non-fishing
735057564,Purse seines,Purse seines,Fishing
735057565,Purse seines,Purse seines,Fishing
735057571,Cargo/Tanker,Tanker,Non-fishing
735057573,Purse seines,Purse seines,Fishing
735057575,Passenger,Passenger,Non-fishing
735057587,Purse seines,Purse seines,Fishing
735057603,Passenger,Passenger,Non-fishing
735057606,Cargo/Tanker,Tanker,Non-fishing
735057638,Purse seines,Purse seines,Fishing
735057642,Purse seines,Purse seines,Fishing
735057673,Passenger,Sailing,Non-fishing
735057759,Tug/Pilot/Supply,Tug,Non-fishing
735058003,Purse seines,Purse seines,Fishing
735058068,Passenger,Passenger,Non-fishing
735058141,Cargo/Tanker,Cargo,Non-fishing
735058197,Cargo/Tanker,Tanker,Non-fishing
735058229,Cargo/Tanker,Cargo,Non-fishing
735058315,Cargo/Tanker,Tanker,Non-fishing
735058805,Purse seines,Purse seines,Fishing
735058895,Cargo/Tanker,Cargo,Non-fishing
735058906,Purse seines,Purse seines,Fishing
735058912,Purse seines,Purse seines,Fishing
735058913,Passenger,Passenger,Non-fishing
735059022,Passenger,Passenger,Non-fishing
735059027,Passenger,Passenger,Non-fishing
735059037,Passenger,Sailing,Non-fishing
735059039,Passenger,Passenger,Non-fishing
735059040,Cargo/Tanker,Tanker,Non-fishing
735059088,Purse seines,Purse seines,Fishing
735059089,Purse seines,Purse seines,Fishing
735059139,Passenger,Passenger,Non-fishing
735059140,Cargo/Tanker,Tanker,Non-fishing
735059141,Reefer,Reefer,Non-fishing
745004100,Trawlers,Trawlers,Fishing
760000001,Purse seines,Purse seines,Fishing
774559424,Purse seines,Purse seines,Fishing
775000000,Purse seines,Purse seines,Fishing
775503000,Cargo/Tanker,Tanker,Non-fishing
775602000,Purse seines,Purse seines,Fishing
775610060,Purse seines,Purse seines,Fishing
775613000,Purse seines,Purse seines,Fishing
775616000,Purse seines,Purse seines,Fishing
775626000,Purse seines,Purse seines,Fishing
775627000,Purse seines,Purse seines,Fishing
775628000,Purse seines,Purse seines,Fishing
