mmsi,reefer_fishing,reefer_label,reefer_sublabel,reefer_length,reefer_tonnage
111100000,Nonfishing vessel,Reefer,Reefer,,
200001140,Nonfishing vessel,Reefer,Reefer,,
204708000,Nonfishing vessel,Reefer,Reefer,100.6,4450.0
212856000,Nonfishing vessel,Reefer,Reefer,,
212857000,Nonfishing vessel,Reefer,Reefer,,
214182223,Nonfishing vessel,Reefer,Reefer,,
224124000,Nonfishing vessel,Reefer,Reefer,132.9,7207.0
224434000,Nonfishing vessel,Reefer,Reefer,105.0,4263.0
224500000,Nonfishing vessel,Reefer,Reefer,,
229382000,Nonfishing vessel,Reefer,Reefer,122.92,6964.0
229428000,Nonfishing vessel,Reefer,Reefer,122.92,6964.0
229563000,Nonfishing vessel,Reefer,Reefer,116.33,6082.0
229575000,Nonfishing vessel,Reefer,Reefer,117.135,5107.5
229587000,Nonfishing vessel,Reefer,Reefer,140.44,9072.0
229644000,Nonfishing vessel,Reefer,Reefer,129.196666667,6399.0
229705000,Nonfishing vessel,Reefer,Reefer,117.27,5100.0
229737000,Nonfishing vessel,Reefer,Reefer,,
229738000,Nonfishing vessel,Reefer,Reefer,,
229981000,Nonfishing vessel,Reefer,Reefer,,
244542000,Nonfishing vessel,Reefer,Reefer,102.43,3999.0
244790145,Nonfishing vessel,Reefer,Reefer,126.996666667,5471.0
244820009,Nonfishing vessel,Reefer,Reefer,117.135,5107.5
244915000,Nonfishing vessel,Reefer,Reefer,,
245317000,Nonfishing vessel,Reefer,Reefer,126.996666667,5471.0
245409000,Nonfishing vessel,Reefer,Reefer,133.92,5918.0
245723000,Nonfishing vessel,Reefer,Reefer,,
245973000,Nonfishing vessel,Reefer,Reefer,117.285,5100.0
246428000,Nonfishing vessel,Reefer,Reefer,,
249665000,Nonfishing vessel,Reefer,Reefer,115.0,5136.0
249842000,Nonfishing vessel,Reefer,Reefer,,
249889000,Nonfishing vessel,Reefer,Reefer,,
255802850,Nonfishing vessel,Reefer,Reefer,100.6,3981.0
256045000,Nonfishing vessel,Reefer,Reefer,,
256064000,Nonfishing vessel,Reefer,Reefer,,
256389000,Nonfishing vessel,Reefer,Reefer,,
259723000,Nonfishing vessel,Reefer,Reefer,112.39,6420.0
273148810,Nonfishing vessel,Reefer,Reefer,,
273191300,Nonfishing vessel,Reefer,Reefer,,
273210110,Nonfishing vessel,Reefer,Reefer,,
273211110,Nonfishing vessel,Reefer,Reefer,,
273219900,Nonfishing vessel,Reefer,Reefer,,
273253100,Nonfishing vessel,Reefer,Reefer,,
273310240,Nonfishing vessel,Reefer,Reefer,,
273310720,Nonfishing vessel,Reefer,Reefer,,
273311330,Nonfishing vessel,Reefer,Reefer,,
273311860,Nonfishing vessel,Reefer,Reefer,,
273312860,Nonfishing vessel,Reefer,Reefer,,
273313270,Nonfishing vessel,Reefer,Reefer,,
273313840,Nonfishing vessel,Reefer,Reefer,,
273313950,Nonfishing vessel,Reefer,Reefer,,
273316040,Nonfishing vessel,Reefer,Reefer,,
273316230,Nonfishing vessel,Reefer,Reefer,,
273317370,Nonfishing vessel,Reefer,Reefer,,
273317810,Nonfishing vessel,Reefer,Reefer,,
273319440,Nonfishing vessel,Reefer,Reefer,,
273324210,Nonfishing vessel,Reefer,Reefer,,
273330280,Nonfishing vessel,Reefer,Reefer,,
273331810,Nonfishing vessel,Reefer,Reefer,,
273332290,Nonfishing vessel,Reefer,Reefer,122.92,6964.0
273332291,Nonfishing vessel,Reefer,Reefer,,
273332299,Nonfishing vessel,Reefer,Reefer,,
273332302,Nonfishing vessel,Reefer,Reefer,122.92,6964.0
273332326,Nonfishing vessel,Reefer,Reefer,,
273335960,Nonfishing vessel,Reefer,Reefer,,
273337510,Nonfishing vessel,Reefer,Reefer,,
273338510,Nonfishing vessel,Reefer,Reefer,,
273342230,Nonfishing vessel,Reefer,Reefer,,
273344710,Nonfishing vessel,Reefer,Reefer,,
273347980,Nonfishing vessel,Reefer,Reefer,,
273348520,Nonfishing vessel,Reefer,Reefer,,
273348810,Nonfishing vessel,Reefer,Reefer,,
273349420,Nonfishing vessel,Reefer,Reefer,,
273349530,Nonfishing vessel,Reefer,Reefer,,
273349630,Nonfishing vessel,Reefer,Reefer,,
273350580,Nonfishing vessel,Reefer,Reefer,,
273351170,Nonfishing vessel,Reefer,Reefer,115.14,5292.0
273351650,Nonfishing vessel,Reefer,Reefer,,
273351900,Nonfishing vessel,Reefer,Reefer,,
273352700,Nonfishing vessel,Reefer,Reefer,,
273352840,Nonfishing vessel,Reefer,Reefer,,
273353310,Nonfishing vessel,Reefer,Reefer,,
273353640,Nonfishing vessel,Reefer,Reefer,112.455,4148.0
273353800,Nonfishing vessel,Reefer,Reefer,,
273354620,Nonfishing vessel,Reefer,Reefer,,
273354740,Nonfishing vessel,Reefer,Reefer,,
273354770,Nonfishing vessel,Reefer,Reefer,,
273355540,Nonfishing vessel,Reefer,Reefer,,
273356010,Nonfishing vessel,Reefer,Reefer,,
273356290,Nonfishing vessel,Reefer,Reefer,,
273356610,Nonfishing vessel,Reefer,Reefer,,
273356760,Nonfishing vessel,Reefer,Reefer,94.0,2712.0
273357670,Nonfishing vessel,Reefer,Reefer,,
273358410,Nonfishing vessel,Reefer,Reefer,,
273358510,Nonfishing vessel,Reefer,Reefer,91.85,2618.0
273358660,Nonfishing vessel,Reefer,Reefer,,
273358980,Nonfishing vessel,Reefer,Reefer,,
273359920,Nonfishing vessel,Reefer,Reefer,,
273367690,Nonfishing vessel,Reefer,Reefer,,
273374170,Nonfishing vessel,Reefer,Reefer,122.92,6791.0
273378130,Nonfishing vessel,Reefer,Reefer,,
273381350,Nonfishing vessel,Reefer,Reefer,,
273382550,Nonfishing vessel,Reefer,Reefer,105.35,4190.0
273384930,Nonfishing vessel,Reefer,Reefer,126.39,7355.0
273385120,Nonfishing vessel,Reefer,Reefer,,
273385860,Nonfishing vessel,Reefer,Reefer,102.8,4109.0
273410910,Nonfishing vessel,Reefer,Reefer,,
273420160,Nonfishing vessel,Reefer,Reefer,,
273420240,Nonfishing vessel,Reefer,Reefer,,
273421240,Nonfishing vessel,Reefer,Reefer,,
273421470,Nonfishing vessel,Reefer,Reefer,,
273422240,Nonfishing vessel,Reefer,Reefer,,
273425770,Nonfishing vessel,Reefer,Reefer,,
273429140,Nonfishing vessel,Reefer,Reefer,,
273430160,Nonfishing vessel,Reefer,Reefer,,
273433460,Nonfishing vessel,Reefer,Reefer,,
273434600,Nonfishing vessel,Reefer,Reefer,,
273435310,Nonfishing vessel,Reefer,Reefer,,
273440860,Nonfishing vessel,Reefer,Reefer,,
273441270,Nonfishing vessel,Reefer,Reefer,,
273441670,Nonfishing vessel,Reefer,Reefer,,
273442580,Nonfishing vessel,Reefer,Reefer,,
273442740,Nonfishing vessel,Reefer,Reefer,,
273449510,Nonfishing vessel,Reefer,Reefer,,
273449760,Nonfishing vessel,Reefer,Reefer,,
273459100,Nonfishing vessel,Reefer,Reefer,,
273459400,Nonfishing vessel,Reefer,Reefer,,
273511500,Nonfishing vessel,Reefer,Reefer,,
273512400,Nonfishing vessel,Reefer,Reefer,,
273811020,Nonfishing vessel,Reefer,Reefer,,
273812710,Nonfishing vessel,Reefer,Reefer,,
273814050,Nonfishing vessel,Reefer,Reefer,,
273815000,Nonfishing vessel,Reefer,Reefer,,
273815020,Nonfishing vessel,Reefer,Reefer,,
273815050,Nonfishing vessel,Reefer,Reefer,,
273816010,Nonfishing vessel,Reefer,Reefer,,
273816020,Nonfishing vessel,Reefer,Reefer,,
273817200,Nonfishing vessel,Reefer,Reefer,,
273818000,Nonfishing vessel,Reefer,Reefer,,
273820900,Nonfishing vessel,Reefer,Reefer,,
273824020,Nonfishing vessel,Reefer,Reefer,,
273825810,Nonfishing vessel,Reefer,Reefer,,
273827710,Nonfishing vessel,Reefer,Reefer,,
273828310,Nonfishing vessel,Reefer,Reefer,,
273829410,Nonfishing vessel,Reefer,Reefer,,
273833000,Nonfishing vessel,Reefer,Reefer,,
273842700,Nonfishing vessel,Reefer,Reefer,,
273844500,Nonfishing vessel,Reefer,Reefer,,
273844700,Nonfishing vessel,Reefer,Reefer,,
273851400,Nonfishing vessel,Reefer,Reefer,,
273875400,Nonfishing vessel,Reefer,Reefer,,
273892210,Nonfishing vessel,Reefer,Reefer,,
273895510,Nonfishing vessel,Reefer,Reefer,,
277099000,Nonfishing vessel,Reefer,Reefer,,
277247000,Nonfishing vessel,Reefer,Reefer,,
277312000,Nonfishing vessel,Reefer,Reefer,136.01,5899.0
277327000,Nonfishing vessel,Reefer,Reefer,,
277331000,Nonfishing vessel,Reefer,Reefer,,
277348000,Nonfishing vessel,Reefer,Reefer,134.02,7313.0
277380000,Nonfishing vessel,Reefer,Reefer,134.02,7313.0
277397000,Nonfishing vessel,Reefer,Reefer,134.02,7326.0
306073000,Nonfishing vessel,Reefer,Reefer,122.92,6964.0
306083000,Nonfishing vessel,Reefer,Reefer,,
306126000,Nonfishing vessel,Reefer,Reefer,,
306303000,Nonfishing vessel,Reefer,Reefer,,
306337000,Nonfishing vessel,Reefer,Reefer,,
306497000,Nonfishing vessel,Reefer,Reefer,106.38,4440.0
306509000,Nonfishing vessel,Reefer,Reefer,105.35,4190.0
306511000,Nonfishing vessel,Reefer,Reefer,105.35,4190.0
306752000,Nonfishing vessel,Reefer,Reefer,124.7,5476.0
306796000,Nonfishing vessel,Reefer,Reefer,102.86,4263.0
306862000,Nonfishing vessel,Reefer,Reefer,108.81,4666.0
306866000,Nonfishing vessel,Reefer,Reefer,117.27,5100.0
306871000,Nonfishing vessel,Reefer,Reefer,117.135,5107.5
306872000,Nonfishing vessel,Reefer,Reefer,117.27,5100.0
306873000,Nonfishing vessel,Reefer,Reefer,117.285,5100.0
308090000,Nonfishing vessel,Reefer,Reefer,,
308121000,Nonfishing vessel,Reefer,Reefer,,
308122000,Nonfishing vessel,Reefer,Reefer,,
308126000,Nonfishing vessel,Reefer,Reefer,,
308228000,Nonfishing vessel,Reefer,Reefer,,
308438000,Nonfishing vessel,Reefer,Reefer,,
308511000,Nonfishing vessel,Reefer,Reefer,,
308512000,Nonfishing vessel,Reefer,Reefer,,
308541000,Nonfishing vessel,Reefer,Reefer,,
308564000,Nonfishing vessel,Reefer,Reefer,115.0,5225.0
308572000,Nonfishing vessel,Reefer,Reefer,,
308668000,Nonfishing vessel,Reefer,Reefer,,
308701000,Nonfishing vessel,Reefer,Reefer,,
308765000,Nonfishing vessel,Reefer,Reefer,,
308868000,Nonfishing vessel,Reefer,Reefer,,
309075000,Nonfishing vessel,Reefer,Reefer,,
309165000,Nonfishing vessel,Reefer,Reefer,,
309193000,Nonfishing vessel,Reefer,Reefer,,
309281000,Nonfishing vessel,Reefer,Reefer,,
309361000,Nonfishing vessel,Reefer,Reefer,,
309578000,Nonfishing vessel,Reefer,Reefer,133.59,8487.0
309681000,Nonfishing vessel,Reefer,Reefer,,
309689000,Nonfishing vessel,Reefer,Reefer,,
309716000,Nonfishing vessel,Reefer,Reefer,,
309841000,Nonfishing vessel,Reefer,Reefer,,
310746848,Nonfishing vessel,Reefer,Reefer,,
311000433,Nonfishing vessel,Reefer,Reefer,,
311004000,Nonfishing vessel,Reefer,Reefer,,
311009400,Nonfishing vessel,Reefer,Reefer,,
311009500,Nonfishing vessel,Reefer,Reefer,,
311011400,Nonfishing vessel,Reefer,Reefer,,
311029000,Nonfishing vessel,Reefer,Reefer,,
311040500,Nonfishing vessel,Reefer,Reefer,,
311042300,Nonfishing vessel,Reefer,Reefer,119.275,5617.0
311051000,Nonfishing vessel,Reefer,Reefer,,
311054900,Nonfishing vessel,Reefer,Reefer,,
311062300,Nonfishing vessel,Reefer,Reefer,,
311087000,Nonfishing vessel,Reefer,Reefer,,
311088000,Nonfishing vessel,Reefer,Reefer,,
311121000,Nonfishing vessel,Reefer,Reefer,,
311122000,Nonfishing vessel,Reefer,Reefer,,
311123000,Nonfishing vessel,Reefer,Reefer,,
311127000,Nonfishing vessel,Reefer,Reefer,,
311289000,Nonfishing vessel,Reefer,Reefer,,
311294000,Nonfishing vessel,Reefer,Reefer,,
311295000,Nonfishing vessel,Reefer,Reefer,,
311296000,Nonfishing vessel,Reefer,Reefer,,
311297000,Nonfishing vessel,Reefer,Reefer,,
311367000,Nonfishing vessel,Reefer,Reefer,,
311411000,Nonfishing vessel,Reefer,Reefer,,
311433000,Nonfishing vessel,Reefer,Reefer,,
311449000,Nonfishing vessel,Reefer,Reefer,,
311461000,Nonfishing vessel,Reefer,Reefer,,
311663000,Nonfishing vessel,Reefer,Reefer,,
311665000,Nonfishing vessel,Reefer,Reefer,,
311667000,Nonfishing vessel,Reefer,Reefer,,
311668000,Nonfishing vessel,Reefer,Reefer,,
311907000,Nonfishing vessel,Reefer,Reefer,,
311955000,Nonfishing vessel,Reefer,Reefer,,
311956000,Nonfishing vessel,Reefer,Reefer,,
311957000,Nonfishing vessel,Reefer,Reefer,,
312097000,Nonfishing vessel,Reefer,Reefer,90.51,3124.0
312174000,Nonfishing vessel,Reefer,Reefer,92.23,3246.0
312273000,Nonfishing vessel,Reefer,Reefer,148.67,12413.0
312284000,Nonfishing vessel,Reefer,Reefer,,
312377000,Nonfishing vessel,Reefer,Reefer,,
312387000,Nonfishing vessel,Reefer,Reefer,,
312413000,Nonfishing vessel,Reefer,Reefer,,
312534000,Nonfishing vessel,Reefer,Reefer,76.67,2617.0
312621000,Nonfishing vessel,Reefer,Reefer,152.94,12413.0
312774000,Nonfishing vessel,Reefer,Reefer,77.81,1610.0
312820000,Nonfishing vessel,Reefer,Reefer,,
312844000,Nonfishing vessel,Reefer,Reefer,,6545.0
312845000,Nonfishing vessel,Reefer,Reefer,111.96,3936.0
312862000,Nonfishing vessel,Reefer,Reefer,108.76,3960.0
312887000,Nonfishing vessel,Reefer,Reefer,121.005,4970.0
312932000,Nonfishing vessel,Reefer,Reefer,,
314010000,Nonfishing vessel,Reefer,Reefer,,
314011000,Nonfishing vessel,Reefer,Reefer,,
314236000,Nonfishing vessel,Reefer,Reefer,,
334567000,Nonfishing vessel,Reefer,Reefer,,
334816000,Nonfishing vessel,Reefer,Reefer,,
341009000,Nonfishing vessel,Reefer,Reefer,,
341049000,Nonfishing vessel,Reefer,Reefer,,
341095000,Nonfishing vessel,Reefer,Reefer,,
341307000,Nonfishing vessel,Reefer,Reefer,,
341537000,Nonfishing vessel,Reefer,Reefer,,
341759000,Nonfishing vessel,Reefer,Reefer,,
341838000,Nonfishing vessel,Reefer,Reefer,92.23,3246.0
341844000,Nonfishing vessel,Reefer,Reefer,,
341891000,Nonfishing vessel,Reefer,Reefer,,
351219000,Nonfishing vessel,Reefer,Reefer,,
351336000,Nonfishing vessel,Reefer,Reefer,,
351350000,Nonfishing vessel,Reefer,Reefer,,
351370000,Nonfishing vessel,Reefer,Reefer,,
351478000,Nonfishing vessel,Reefer,Reefer,144.34,10135.0
351493000,Nonfishing vessel,Reefer,Reefer,,
351527000,Nonfishing vessel,Reefer,Reefer,,
351537000,Nonfishing vessel,Reefer,Reefer,91.5,2997.0
351747000,Nonfishing vessel,Reefer,Reefer,126.39,7355.0
351763000,Nonfishing vessel,Reefer,Reefer,,
351776000,Nonfishing vessel,Reefer,Reefer,,
351827000,Nonfishing vessel,Reefer,Reefer,,
352055000,Nonfishing vessel,Reefer,Reefer,,
352085000,Nonfishing vessel,Reefer,Reefer,124.7,4964.0
352135000,Nonfishing vessel,Reefer,Reefer,104.0,2910.0
352199000,Nonfishing vessel,Reefer,Reefer,120.2,4574.0
352241000,Nonfishing vessel,Reefer,Reefer,117.06,4522.0
352247000,Nonfishing vessel,Reefer,Reefer,115.0,5286.0
352313000,Nonfishing vessel,Reefer,Reefer,116.2,4288.0
352349000,Nonfishing vessel,Reefer,Reefer,125.006666667,7307.0
352351000,Nonfishing vessel,Reefer,Reefer,125.0,4808.0
352475000,Nonfishing vessel,Reefer,Reefer,120.73,4392.0
352515000,Nonfishing vessel,Reefer,Reefer,138.0,6117.0
352533000,Nonfishing vessel,Reefer,Reefer,91.03,3574.0
352545000,Nonfishing vessel,Reefer,Reefer,96.7833333333,2689.0
352610000,Nonfishing vessel,Reefer,Reefer,,
352656000,Nonfishing vessel,Reefer,Reefer,91.5266666667,3683.0
352715000,Nonfishing vessel,Reefer,Reefer,128.02,4980.0
352784000,Nonfishing vessel,Reefer,Reefer,125.03,7307.0
352785000,Nonfishing vessel,Reefer,Reefer,,
352796000,Nonfishing vessel,Reefer,Reefer,94.97,3475.0
352844000,Nonfishing vessel,Reefer,Reefer,92.21,3264.0
352894000,Nonfishing vessel,Reefer,Reefer,114.846,4499.0
353019000,Nonfishing vessel,Reefer,Reefer,102.806666667,4109.0
353185000,Nonfishing vessel,Reefer,Reefer,114.82,4177.0
353211424,Nonfishing vessel,Reefer,Reefer,,
353242000,Nonfishing vessel,Reefer,Reefer,121.833333333,5757.0
353306000,Nonfishing vessel,Reefer,Reefer,127.38,7367.0
353318000,Nonfishing vessel,Reefer,Reefer,82.82,2436.0
353828000,Nonfishing vessel,Reefer,Reefer,86.33,2340.0
353901000,Nonfishing vessel,Reefer,Reefer,,
353937000,Nonfishing vessel,Reefer,Reefer,92.21,3260.0
353981000,Nonfishing vessel,Reefer,Reefer,143.3,9997.0
354036000,Nonfishing vessel,Reefer,Reefer,94.5,3649.0
354062000,Nonfishing vessel,Reefer,Reefer,,
354240000,Nonfishing vessel,Reefer,Reefer,142.433333333,10629.0
354461000,Nonfishing vessel,Reefer,Reefer,,
354464000,Nonfishing vessel,Reefer,Reefer,,
354469000,Nonfishing vessel,Reefer,Reefer,124.7,4939.0
354493000,Nonfishing vessel,Reefer,Reefer,120.75,4457.0
354569000,Nonfishing vessel,Reefer,Reefer,,
354617000,Nonfishing vessel,Reefer,Reefer,,
354655000,Nonfishing vessel,Reefer,Reefer,61.33,1176.0
354670000,Nonfishing vessel,Reefer,Reefer,79.77,2047.0
354683000,Nonfishing vessel,Reefer,Reefer,83.76,2581.0
354716000,Nonfishing vessel,Reefer,Reefer,124.7,4936.0
354831000,Nonfishing vessel,Reefer,Reefer,,
354871000,Nonfishing vessel,Reefer,Reefer,133.59,8487.0
354874000,Nonfishing vessel,Reefer,Reefer,85.83,2856.0
355116000,Nonfishing vessel,Reefer,Reefer,94.0,2692.0
355141000,Nonfishing vessel,Reefer,Reefer,93.88,2829.0
355199000,Nonfishing vessel,Reefer,Reefer,100.72,3767.0
355295000,Nonfishing vessel,Reefer,Reefer,,
355317000,Nonfishing vessel,Reefer,Reefer,79.83,2113.0
355513000,Nonfishing vessel,Reefer,Reefer,110.22,5024.0
355643000,Nonfishing vessel,Reefer,Reefer,125.67,5321.0
355665576,Nonfishing vessel,Reefer,Reefer,,
355720000,Nonfishing vessel,Reefer,Reefer,,6545.0
355802000,Nonfishing vessel,Reefer,Reefer,117.02,4446.0
355813000,Nonfishing vessel,Reefer,Reefer,98.53,3065.0
355855000,Nonfishing vessel,Reefer,Reefer,96.45,2695.0
355874000,Nonfishing vessel,Reefer,Reefer,95.305,3520.0
355894000,Nonfishing vessel,Reefer,Reefer,94.71,2689.0
355966000,Nonfishing vessel,Reefer,Reefer,120.75,4458.0
356065000,Nonfishing vessel,Reefer,Reefer,88.0075,2592.25
356386000,Nonfishing vessel,Reefer,Reefer,120.7,4444.0
356407000,Nonfishing vessel,Reefer,Reefer,120.75,4522.0
356514000,Nonfishing vessel,Reefer,Reefer,134.035,7800.0
356517000,Nonfishing vessel,Reefer,Reefer,123.993333333,6971.0
356567000,Nonfishing vessel,Reefer,Reefer,144.34,12413.0
356591000,Nonfishing vessel,Reefer,Reefer,118.655,4177.0
356609000,Nonfishing vessel,Reefer,Reefer,140.0,9070.0
356616000,Nonfishing vessel,Reefer,Reefer,146.02,6557.0
356636000,Nonfishing vessel,Reefer,Reefer,,
356655000,Nonfishing vessel,Reefer,Reefer,117.0,5110.0
356728000,Nonfishing vessel,Reefer,Reefer,116.33,6082.0
356878000,Nonfishing vessel,Reefer,Reefer,,
356889000,Nonfishing vessel,Reefer,Reefer,97.04,3767.0
356962000,Nonfishing vessel,Reefer,Reefer,138.5,10629.0
357020000,Nonfishing vessel,Reefer,Reefer,100.98,4361.0
357058000,Nonfishing vessel,Reefer,Reefer,120.75,4513.0
357203000,Nonfishing vessel,Reefer,Reefer,75.0,1463.0
357497000,Nonfishing vessel,Reefer,Reefer,117.31,4970.0
357600000,Nonfishing vessel,Reefer,Reefer,,
357611000,Nonfishing vessel,Reefer,Reefer,,
357642000,Nonfishing vessel,Reefer,Reefer,,
357670000,Nonfishing vessel,Reefer,Reefer,129.196666667,6399.0
357735000,Nonfishing vessel,Reefer,Reefer,127.38,7367.0
357788000,Nonfishing vessel,Reefer,Reefer,78.72,1890.0
357805000,Nonfishing vessel,Reefer,Reefer,147.465,12383.0
370032000,Nonfishing vessel,Reefer,Reefer,,
370070000,Nonfishing vessel,Reefer,Reefer,110.69,5131.0
370095000,Nonfishing vessel,Reefer,Reefer,,
370115000,Nonfishing vessel,Reefer,Reefer,125.0,7303.0
370305000,Nonfishing vessel,Reefer,Reefer,,
370599000,Nonfishing vessel,Reefer,Reefer,130.98,6558.0
370866000,Nonfishing vessel,Reefer,Reefer,83.13,2339.0
370981000,Nonfishing vessel,Reefer,Reefer,81.625,2946.0
371100000,Nonfishing vessel,Reefer,Reefer,82.82,2436.0
371118580,Nonfishing vessel,Reefer,Reefer,,
371156000,Nonfishing vessel,Reefer,Reefer,129.196666667,6399.0
371210000,Nonfishing vessel,Reefer,Reefer,144.35,12383.0
371295000,Nonfishing vessel,Reefer,Reefer,,
371301000,Nonfishing vessel,Reefer,Reefer,125.67,5307.0
371322000,Nonfishing vessel,Reefer,Reefer,99.98,3503.0
371335000,Nonfishing vessel,Reefer,Reefer,138.38,6268.0
371542000,Nonfishing vessel,Reefer,Reefer,,
371717000,Nonfishing vessel,Reefer,Reefer,,
371719000,Nonfishing vessel,Reefer,Reefer,,
371790000,Nonfishing vessel,Reefer,Reefer,104.47,4202.0
371812000,Nonfishing vessel,Reefer,Reefer,140.44,9072.0
372199000,Nonfishing vessel,Reefer,Reefer,117.31,4963.0
372538000,Nonfishing vessel,Reefer,Reefer,,
372594000,Nonfishing vessel,Reefer,Reefer,104.99,4364.0
372825000,Nonfishing vessel,Reefer,Reefer,103.73,3835.0
372886000,Nonfishing vessel,Reefer,Reefer,,
372910000,Nonfishing vessel,Reefer,Reefer,110.2,4986.0
373039000,Nonfishing vessel,Reefer,Reefer,,
373056000,Nonfishing vessel,Reefer,Reefer,117.31,4988.0
373443000,Nonfishing vessel,Reefer,Reefer,112.39,6420.0
373731000,Nonfishing vessel,Reefer,Reefer,117.31,4988.0
373837000,Nonfishing vessel,Reefer,Reefer,,
373962000,Nonfishing vessel,Reefer,Reefer,,
374014000,Nonfishing vessel,Reefer,Reefer,79.69,1610.0
374048000,Nonfishing vessel,Reefer,Reefer,95.2,2495.0
374083000,Nonfishing vessel,Reefer,Reefer,,
374115000,Nonfishing vessel,Reefer,Reefer,120.7,4444.0
374140000,Nonfishing vessel,Reefer,Reefer,95.2,2900.0
374173000,Nonfishing vessel,Reefer,Reefer,80.68,1998.0
374198000,Nonfishing vessel,Reefer,Reefer,,
374244000,Nonfishing vessel,Reefer,Reefer,113.37,4521.0
374317000,Nonfishing vessel,Reefer,Reefer,127.38,6049.0
374410000,Nonfishing vessel,Reefer,Reefer,,
374446000,Nonfishing vessel,Reefer,Reefer,120.75,4521.0
374478000,Nonfishing vessel,Reefer,Reefer,117.31,4988.0
374610000,Nonfishing vessel,Reefer,Reefer,144.4,12413.0
374611000,Nonfishing vessel,Reefer,Reefer,99.02,3363.0
374612000,Nonfishing vessel,Reefer,Reefer,,
374723000,Nonfishing vessel,Reefer,Reefer,86.09,2713.0
374762000,Nonfishing vessel,Reefer,Reefer,120.75,4538.0
374830000,Nonfishing vessel,Reefer,Reefer,124.7,4963.0
374831000,Nonfishing vessel,Reefer,Reefer,110.03,4071.0
374849000,Nonfishing vessel,Reefer,Reefer,95.08,3835.0
374906000,Nonfishing vessel,Reefer,Reefer,99.5,3822.0
376715000,Nonfishing vessel,Reefer,Reefer,,
412202350,Nonfishing vessel,Reefer,Reefer,84.33,1912.0
412202420,Nonfishing vessel,Reefer,Reefer,,
412202730,Nonfishing vessel,Reefer,Reefer,,
412203020,Nonfishing vessel,Reefer,Reefer,,
412203190,Nonfishing vessel,Reefer,Reefer,,
412203740,Nonfishing vessel,Reefer,Reefer,84.02,1950.0
412208610,Nonfishing vessel,Reefer,Reefer,86.33,2340.0
412217989,Nonfishing vessel,Reefer,Reefer,57.8,1095.0
412322280,Nonfishing vessel,Reefer,Reefer,92.23,3260.0
412322340,Nonfishing vessel,Reefer,Reefer,91.5,3218.0
412326020,Nonfishing vessel,Reefer,Reefer,75.99,1736.0
412401230,Nonfishing vessel,Reefer,Reefer,,
412440033,Nonfishing vessel,Reefer,Reefer,,
412551380,Nonfishing vessel,Reefer,Reefer,,
412553010,Nonfishing vessel,Reefer,Reefer,,
412699340,Nonfishing vessel,Reefer,Reefer,,
412899000,Nonfishing vessel,Reefer,Reefer,86.33,2340.0
412946000,Nonfishing vessel,Reefer,Reefer,86.33,2340.0
413202530,Nonfishing vessel,Reefer,Reefer,,
413447320,Nonfishing vessel,Reefer,Reefer,,
413554170,Nonfishing vessel,Reefer,Reefer,,
413692650,Nonfishing vessel,Reefer,Reefer,77.02,1593.0
416001900,Nonfishing vessel,Reefer,Reefer,83.0,1798.0
416064900,Nonfishing vessel,Reefer,Reefer,,
416308000,Nonfishing vessel,Reefer,Reefer,80.45,1872.0
416542000,Nonfishing vessel,Reefer,Reefer,,
416567000,Nonfishing vessel,Reefer,Reefer,105.3,2944.0
416602000,Nonfishing vessel,Reefer,Reefer,73.4,1095.0
416696000,Nonfishing vessel,Reefer,Reefer,111.1,3582.0
416702000,Nonfishing vessel,Reefer,Reefer,80.49,1866.0
416730000,Nonfishing vessel,Reefer,Reefer,,
416778000,Nonfishing vessel,Reefer,Reefer,100.0,3062.0
416788000,Nonfishing vessel,Reefer,Reefer,104.5,2912.46
416861000,Nonfishing vessel,Reefer,Reefer,73.4,1095.0
422733000,Nonfishing vessel,Reefer,Reefer,81.13,2277.0
431201000,Nonfishing vessel,Reefer,Reefer,116.7,4969.0
431263000,Nonfishing vessel,Reefer,Reefer,104.2,4865.0
431472000,Nonfishing vessel,Reefer,Reefer,94.0025,2272.5
431678000,Nonfishing vessel,Reefer,Reefer,121.733333333,4992.0
432661000,Nonfishing vessel,Reefer,Reefer,,
440046000,Nonfishing vessel,Reefer,Reefer,83.13,2339.0
440057000,Nonfishing vessel,Reefer,Reefer,115.0,5286.0
440097000,Nonfishing vessel,Reefer,Reefer,124.0,5469.0
440101000,Nonfishing vessel,Reefer,Reefer,120.7,4429.0
440102000,Nonfishing vessel,Reefer,Reefer,115.8,4189.0
440113000,Nonfishing vessel,Reefer,Reefer,120.75,4490.0
440116000,Nonfishing vessel,Reefer,Reefer,96.78,3437.0
440196000,Nonfishing vessel,Reefer,Reefer,85.07,1894.0
440214000,Nonfishing vessel,Reefer,Reefer,136.83,5893.0
440217000,Nonfishing vessel,Reefer,Reefer,116.08,4643.0
440220000,Nonfishing vessel,Reefer,Reefer,94.0025,2272.5
440222000,Nonfishing vessel,Reefer,Reefer,108.02,3696.0
440237000,Nonfishing vessel,Reefer,Reefer,97.17,3783.0
440241000,Nonfishing vessel,Reefer,Reefer,119.15,4273.0
440257000,Nonfishing vessel,Reefer,Reefer,117.31,4988.0
440283000,Nonfishing vessel,Reefer,Reefer,90.4416666667,2713.0
440523000,Nonfishing vessel,Reefer,Reefer,118.92,5122.0
440664000,Nonfishing vessel,Reefer,Reefer,91.8166666667,3387.66666667
441032000,Nonfishing vessel,Reefer,Reefer,86.33,2024.3225
441034000,Nonfishing vessel,Reefer,Reefer,92.23,3244.0
441240000,Nonfishing vessel,Reefer,Reefer,81.54,1488.0
441377000,Nonfishing vessel,Reefer,Reefer,103.6,3930.5
441690000,Nonfishing vessel,Reefer,Reefer,120.75,4519.0
441720000,Nonfishing vessel,Reefer,Reefer,88.71,2623.0
441725000,Nonfishing vessel,Reefer,Reefer,110.03,4071.0
441759000,Nonfishing vessel,Reefer,Reefer,109.0,4428.0
441822000,Nonfishing vessel,Reefer,Reefer,120.75,4457.0
441834000,Nonfishing vessel,Reefer,Reefer,121.39,5578.0
441923000,Nonfishing vessel,Reefer,Reefer,99.01,2004.0
477415100,Nonfishing vessel,Reefer,Reefer,49.3,619.0
510021000,Nonfishing vessel,Reefer,Reefer,59.0,496.0
514117000,Nonfishing vessel,Reefer,Reefer,,
514211000,Nonfishing vessel,Reefer,Reefer,,
514266000,Nonfishing vessel,Reefer,Reefer,,
514298000,Nonfishing vessel,Reefer,Reefer,,
514565000,Nonfishing vessel,Reefer,Reefer,,
515183000,Nonfishing vessel,Reefer,Reefer,,
515201000,Nonfishing vessel,Reefer,Reefer,78.72,1891.0
515500000,Nonfishing vessel,Reefer,Reefer,,
515557000,Nonfishing vessel,Reefer,Reefer,,
515717000,Nonfishing vessel,Reefer,Reefer,,
515777000,Nonfishing vessel,Reefer,Reefer,,
515863000,Nonfishing vessel,Reefer,Reefer,,
518332000,Nonfishing vessel,Reefer,Reefer,111.96,3936.0
520093696,Nonfishing vessel,Reefer,Reefer,,
528565426,Nonfishing vessel,Reefer,Reefer,,
529051000,Nonfishing vessel,Reefer,Reefer,,
529052000,Nonfishing vessel,Reefer,Reefer,99.59,3493.0
529069000,Nonfishing vessel,Reefer,Reefer,,
529086000,Nonfishing vessel,Reefer,Reefer,95.2,2900.0
529087000,Nonfishing vessel,Reefer,Reefer,99.02,3363.0
529089000,Nonfishing vessel,Reefer,Reefer,95.2,2495.0
529092000,Nonfishing vessel,Reefer,Reefer,,
529096000,Nonfishing vessel,Reefer,Reefer,132.19,6049.0
529101000,Nonfishing vessel,Reefer,Reefer,99.99,3415.0
529105000,Nonfishing vessel,Reefer,Reefer,,
529120000,Nonfishing vessel,Reefer,Reefer,104.3,2910.0
529161000,Nonfishing vessel,Reefer,Reefer,,
529199000,Nonfishing vessel,Reefer,Reefer,121.39,5578.0
529268000,Nonfishing vessel,Reefer,Reefer,112.9,4056.0
529304000,Nonfishing vessel,Reefer,Reefer,88.565,2427.25
529346000,Nonfishing vessel,Reefer,Reefer,,
529354000,Nonfishing vessel,Reefer,Reefer,100.98,4238.0
529382000,Nonfishing vessel,Reefer,Reefer,120.2,4574.0
529465000,Nonfishing vessel,Reefer,Reefer,,
529485000,Nonfishing vessel,Reefer,Reefer,120.75,4491.0
529523000,Nonfishing vessel,Reefer,Reefer,120.7,4444.0
529529000,Nonfishing vessel,Reefer,Reefer,103.73,3835.0
529567000,Nonfishing vessel,Reefer,Reefer,116.2,4287.0
529578000,Nonfishing vessel,Reefer,Reefer,87.8233333333,2713.0
529604000,Nonfishing vessel,Reefer,Reefer,79.77,2047.0
529605000,Nonfishing vessel,Reefer,Reefer,97.4,2839.0
529606000,Nonfishing vessel,Reefer,Reefer,,
529607000,Nonfishing vessel,Reefer,Reefer,80.68,1998.0
529608000,Nonfishing vessel,Reefer,Reefer,,
529614000,Nonfishing vessel,Reefer,Reefer,,
529615000,Nonfishing vessel,Reefer,Reefer,80.51,1596.0
529623000,Nonfishing vessel,Reefer,Reefer,88.0,3687.0
529642000,Nonfishing vessel,Reefer,Reefer,91.5266666667,3683.0
529650000,Nonfishing vessel,Reefer,Reefer,95.08,3835.0
529650006,Nonfishing vessel,Reefer,Reefer,103.73,3835.0
529730000,Nonfishing vessel,Reefer,Reefer,115.0,5286.0
529758000,Nonfishing vessel,Reefer,Reefer,,
529764000,Nonfishing vessel,Reefer,Reefer,,
529781000,Nonfishing vessel,Reefer,Reefer,150.3,10629.0
529837000,Nonfishing vessel,Reefer,Reefer,,
529844000,Nonfishing vessel,Reefer,Reefer,,
530149576,Nonfishing vessel,Reefer,Reefer,,
538002899,Nonfishing vessel,Reefer,Reefer,120.75,4490.0
538002960,Nonfishing vessel,Reefer,Reefer,95.95,2782.0
538002995,Nonfishing vessel,Reefer,Reefer,94.97,3475.0
538002996,Nonfishing vessel,Reefer,Reefer,115.9,4261.0
538002997,Nonfishing vessel,Reefer,Reefer,120.7,4429.0
542156110,Nonfishing vessel,Reefer,Reefer,84.6,2429.0
548050500,Nonfishing vessel,Reefer,Reefer,85.07,1888.0
548246100,Nonfishing vessel,Reefer,Reefer,58.57,914.0
548335100,Nonfishing vessel,Reefer,Reefer,87.25,2462.0
548352100,Nonfishing vessel,Reefer,Reefer,65.85,1239.0
548363100,Nonfishing vessel,Reefer,Reefer,78.0,1542.56
548401400,Nonfishing vessel,Reefer,Reefer,,
548595000,Nonfishing vessel,Reefer,Reefer,69.525,695.935
548600000,Nonfishing vessel,Reefer,Reefer,71.155,1427.0
548601000,Nonfishing vessel,Reefer,Reefer,90.85,2633.0
548906000,Nonfishing vessel,Reefer,Reefer,133.95,6964.0
563418000,Nonfishing vessel,Reefer,Reefer,134.15,6534.0
567011500,Nonfishing vessel,Reefer,Reefer,,
567046600,Nonfishing vessel,Reefer,Reefer,101.26,2966.0
567175000,Nonfishing vessel,Reefer,Reefer,,
567183000,Nonfishing vessel,Reefer,Reefer,,
567231000,Nonfishing vessel,Reefer,Reefer,101.93,2989.0
567266000,Nonfishing vessel,Reefer,Reefer,101.93,2989.0
567492000,Nonfishing vessel,Reefer,Reefer,94.71,2689.0
576107000,Nonfishing vessel,Reefer,Reefer,120.75,4538.0
576139000,Nonfishing vessel,Reefer,Reefer,118.905,4522.0
576195000,Nonfishing vessel,Reefer,Reefer,,
576270000,Nonfishing vessel,Reefer,Reefer,113.37,4521.0
576274000,Nonfishing vessel,Reefer,Reefer,85.07,1888.0
576276000,Nonfishing vessel,Reefer,Reefer,,
576277000,Nonfishing vessel,Reefer,Reefer,95.92,2781.0
576285000,Nonfishing vessel,Reefer,Reefer,105.37,3516.8
576328000,Nonfishing vessel,Reefer,Reefer,99.06,3989.0
576395000,Nonfishing vessel,Reefer,Reefer,90.4416666667,2713.0
576397000,Nonfishing vessel,Reefer,Reefer,94.98,2600.0
576414000,Nonfishing vessel,Reefer,Reefer,94.65,3496.0
576414009,Nonfishing vessel,Reefer,Reefer,94.65,3496.0
576419000,Nonfishing vessel,Reefer,Reefer,106.86,3802.0
576420000,Nonfishing vessel,Reefer,Reefer,91.48,2800.25
576507000,Nonfishing vessel,Reefer,Reefer,97.17,3783.0
576626000,Nonfishing vessel,Reefer,Reefer,94.0,2712.0
576687000,Nonfishing vessel,Reefer,Reefer,88.94,2581.0
576688000,Nonfishing vessel,Reefer,Reefer,141.58,8519.0
576689000,Nonfishing vessel,Reefer,Reefer,141.0,8483.0
576711000,Nonfishing vessel,Reefer,Reefer,141.58,8519.0
576728000,Nonfishing vessel,Reefer,Reefer,94.32,3431.0
576732000,Nonfishing vessel,Reefer,Reefer,100.98,3936.0
577077000,Nonfishing vessel,Reefer,Reefer,98.28,3858.0
577082000,Nonfishing vessel,Reefer,Reefer,107.88,4394.0
577089000,Nonfishing vessel,Reefer,Reefer,116.08,4643.0
577102000,Nonfishing vessel,Reefer,Reefer,120.758333333,4521.0
577105000,Nonfishing vessel,Reefer,Reefer,120.75,4699.80833333
577106000,Nonfishing vessel,Reefer,Reefer,119.274,4490.0
577122000,Nonfishing vessel,Reefer,Reefer,130.98,6558.0
577132000,Nonfishing vessel,Reefer,Reefer,134.157142857,6558.0
577161000,Nonfishing vessel,Reefer,Reefer,96.94,3350.0
577169000,Nonfishing vessel,Reefer,Reefer,121.733333333,4969.0
577310000,Nonfishing vessel,Reefer,Reefer,88.0,3683.0
577314000,Nonfishing vessel,Reefer,Reefer,120.2,4574.0
577315000,Nonfishing vessel,Reefer,Reefer,124.7,4963.0
577324000,Nonfishing vessel,Reefer,Reefer,120.7,4430.0
616735000,Nonfishing vessel,Reefer,Reefer,,
616852000,Nonfishing vessel,Reefer,Reefer,,
627047000,Nonfishing vessel,Reefer,Reefer,93.8,2829.0
627084000,Nonfishing vessel,Reefer,Reefer,91.48,2716.0
627093246,Nonfishing vessel,Reefer,Reefer,91.48,2716.0
636008972,Nonfishing vessel,Reefer,Reefer,,
636009737,Nonfishing vessel,Reefer,Reefer,126.0,6082.0
636010125,Nonfishing vessel,Reefer,Reefer,,
636011004,Nonfishing vessel,Reefer,Reefer,122.776666667,5399.33333333
636011904,Nonfishing vessel,Reefer,Reefer,,
636012261,Nonfishing vessel,Reefer,Reefer,141.0,8487.0
636012747,Nonfishing vessel,Reefer,Reefer,142.433333333,10629.0
636012748,Nonfishing vessel,Reefer,Reefer,,
636012749,Nonfishing vessel,Reefer,Reefer,150.3,10629.0
636012750,Nonfishing vessel,Reefer,Reefer,138.5,10629.0
636013068,Nonfishing vessel,Reefer,Reefer,,
636013070,Nonfishing vessel,Reefer,Reefer,,
636013073,Nonfishing vessel,Reefer,Reefer,,
636013146,Nonfishing vessel,Reefer,Reefer,140.44,9074.0
636013523,Nonfishing vessel,Reefer,Reefer,125.0,7313.0
636013524,Nonfishing vessel,Reefer,Reefer,125.0,7303.0
636013648,Nonfishing vessel,Reefer,Reefer,140.44,9072.0
636013649,Nonfishing vessel,Reefer,Reefer,148.52,9070.0
636013651,Nonfishing vessel,Reefer,Reefer,148.5,9070.0
636013976,Nonfishing vessel,Reefer,Reefer,124.0,5469.0
636014105,Nonfishing vessel,Reefer,Reefer,117.31,4988.0
636014471,Nonfishing vessel,Reefer,Reefer,152.14,12413.0
636014596,Nonfishing vessel,Reefer,Reefer,,
636014597,Nonfishing vessel,Reefer,Reefer,,
636014655,Nonfishing vessel,Reefer,Reefer,,
636015528,Nonfishing vessel,Reefer,Reefer,,
636015625,Nonfishing vessel,Reefer,Reefer,,
636015811,Nonfishing vessel,Reefer,Reefer,,
636015904,Nonfishing vessel,Reefer,Reefer,,
636016166,Nonfishing vessel,Reefer,Reefer,,
636016167,Nonfishing vessel,Reefer,Reefer,,
636016249,Nonfishing vessel,Reefer,Reefer,,
636016280,Nonfishing vessel,Reefer,Reefer,,
636016687,Nonfishing vessel,Reefer,Reefer,122.92,6964.0
636016700,Nonfishing vessel,Reefer,Reefer,115.0,5136.0
636016916,Nonfishing vessel,Reefer,Reefer,119.55,5617.0
636016998,Nonfishing vessel,Reefer,Reefer,119.55,5617.0
636017010,Nonfishing vessel,Reefer,Reefer,145.55,6579.0
636017108,Nonfishing vessel,Reefer,Reefer,134.15,6558.0
636017161,Nonfishing vessel,Reefer,Reefer,106.86,3802.0
636017162,Nonfishing vessel,Reefer,Reefer,99.06,3989.0
636017251,Nonfishing vessel,Reefer,Reefer,117.27,5100.0
636017396,Nonfishing vessel,Reefer,Reefer,98.28,3858.0
636017468,Nonfishing vessel,Reefer,Reefer,94.65,3496.0
636090217,Nonfishing vessel,Reefer,Reefer,,
636091006,Nonfishing vessel,Reefer,Reefer,,
636091007,Nonfishing vessel,Reefer,Reefer,,
636091008,Nonfishing vessel,Reefer,Reefer,,
636091009,Nonfishing vessel,Reefer,Reefer,,
636091012,Nonfishing vessel,Reefer,Reefer,,
636091013,Nonfishing vessel,Reefer,Reefer,,
636091014,Nonfishing vessel,Reefer,Reefer,,
636091016,Nonfishing vessel,Reefer,Reefer,,
636091017,Nonfishing vessel,Reefer,Reefer,,
636091090,Nonfishing vessel,Reefer,Reefer,,
636091096,Nonfishing vessel,Reefer,Reefer,134.2,7329.0
636091097,Nonfishing vessel,Reefer,Reefer,134.02,7329.0
636091098,Nonfishing vessel,Reefer,Reefer,127.8,6194.4
636091099,Nonfishing vessel,Reefer,Reefer,,
636091100,Nonfishing vessel,Reefer,Reefer,,
636091102,Nonfishing vessel,Reefer,Reefer,,
636091103,Nonfishing vessel,Reefer,Reefer,,
636091652,Nonfishing vessel,Reefer,Reefer,140.0,9070.0
636092399,Nonfishing vessel,Reefer,Reefer,,
636092400,Nonfishing vessel,Reefer,Reefer,,
636092421,Nonfishing vessel,Reefer,Reefer,134.02,7313.0
636092422,Nonfishing vessel,Reefer,Reefer,134.02,7303.0
636092423,Nonfishing vessel,Reefer,Reefer,134.02,7326.0
645358000,Nonfishing vessel,Reefer,Reefer,117.27,5100.0
664090000,Nonfishing vessel,Reefer,Reefer,93.78,2600.0
667001392,Nonfishing vessel,Reefer,Reefer,,
667003111,Nonfishing vessel,Reefer,Reefer,,
667003248,Nonfishing vessel,Reefer,Reefer,,
667003355,Nonfishing vessel,Reefer,Reefer,,
667007053,Nonfishing vessel,Reefer,Reefer,95.08,3835.0
667401200,Nonfishing vessel,Reefer,Reefer,,
730151013,Nonfishing vessel,Reefer,Reefer,,
800022379,Nonfishing vessel,Reefer,Reefer,,
871295000,Nonfishing vessel,Reefer,Reefer,,
872343576,Nonfishing vessel,Reefer,Reefer,,
987456321,Nonfishing vessel,Reefer,Reefer,,
