mmsi,primary_geartype,secondary_geartype
265634070,Set gillnets,Pole and line
227632830,Pots and traps,Trawlers
227132100,Pole and line,Set longlines
219006383,Set gillnets,Set longlines
247122430,Trawlers,Purse seines
247150040,Trawlers,Set longlines
240384000,Purse seines,Set longlines
219002504,Trawlers,Set longlines
263422240,Set gillnets,Drifting longlines
247300760,Trawlers,Purse seines
247150050,Trawlers,Set longlines
247051030,Trawlers,Purse seines
247140750,Trawlers,Purse seines
247051080,Trawlers,Set gillnets
247121340,Trawlers,Set longlines
247300480,Trawlers,Purse seines
207343400,Set longlines,Trawlers
247081580,Trawlers,Purse seines
245553000,Set gillnets,Trawlers
227153230,Set longlines,Set gillnets
247152020,Trawlers,Set longlines
239901000,Purse seines,Fishing vessel
247145870,Trawlers,Set longlines
238300140,Purse seines,Trawlers
219009542,Fishing vessel,Trawlers
204829000,Pole and line,Pots and traps
239016000,Purse seines,Set gillnets
224492000,Set longlines,Set gillnets
247143640,Purse seines,Set longlines
247090860,Trawlers,Purse seines
219006333,Set gillnets,Set longlines
250140400,Pole and line,Trawlers
240459000,Drifting longlines,Set longlines
247111530,Trawlers,Set longlines
210975000,Drifting longlines,Set longlines
240021000,Trawlers,Purse seines
261002850,Set gillnets,Drifting longlines
250369000,Trawlers,Set gillnets
247133470,Trawlers,Set longlines
247051040,Trawlers,Purse seines
235079089,Pole and line,Fishing vessel
250102800,Set gillnets,Fishing vessel
224018440,Set longlines,Set gillnets
247088420,Trawlers,Purse seines
247130860,Trawlers,Set longlines
247150980,Trawlers,Purse seines
239186000,Purse seines,Set gillnets
247125260,Purse seines,Set longlines
247100710,Trawlers,Set gillnets
247140780,Purse seines,Set longlines
247103060,Trawlers,Purse seines
219007596,Fishing vessel,Set gillnets
247300350,Trawlers,Set longlines
244790766,Set gillnets,Purse seines
227412000,Set gillnets,Set longlines
244938000,Fishing vessel,Trawlers
237333000,Trawlers,Set gillnets
247146230,Trawlers,Set longlines
207829790,Trawlers,Set gillnets
250419000,Trawlers,Fishing vessel
256000512,Drifting longlines,Set longlines
211648000,Set gillnets,Set longlines
204848000,Pots and traps,Set longlines
237484000,Trawlers,Purse seines
219060000,Purse seines,Trawlers
230984250,Trawlers,Set gillnets
250002882,Pots and traps,Set gillnets
211344000,Trawlers,Set gillnets
219106000,Trawlers,Set gillnets
238892340,Purse seines,Trawlers
247070640,Trawlers,Purse seines
227413000,Set gillnets,Pots and traps
247123020,Trawlers,Set longlines
219012897,Set gillnets,Set longlines
247083490,Trawlers,Set gillnets
219754000,Trawlers,Set gillnets
227315980,Set gillnets,Set longlines
247050890,Trawlers,Set gillnets
235056045,Pots and traps,Set gillnets
219002005,Trawlers,Set gillnets
227667550,Trawlers,Set longlines
261012090,Trawlers,Set gillnets
250000917,Fishing vessel,Trawlers
247300170,Trawlers,Purse seines
247142460,Trawlers,Set longlines
224011260,Set longlines,Set gillnets
237622000,Trawlers,Purse seines
237344400,Drifting longlines,Set longlines
238896140,Trawlers,Set longlines
250429000,Trawlers,Purse seines
250001491,Fishing vessel,Trawlers
244630340,Set gillnets,Pole and line
261010020,Set gillnets,Drifting longlines
219009273,Set gillnets,Set longlines
247090930,Set longlines,Set gillnets
247123150,Trawlers,Set longlines
240450000,Set gillnets,Drifting longlines
239479000,Purse seines,Set longlines
250002872,Set gillnets,Fishing vessel
247030840,Trawlers,Purse seines
219001664,Trawlers,Set gillnets
247082420,Trawlers,Set gillnets
239385000,Set gillnets,Purse seines
238982010,Purse seines,Set gillnets
239323000,Purse seines,Set gillnets
247300290,Trawlers,Set gillnets
261001740,Set gillnets,Trawlers
265629560,Trollers,Fishing vessel
247068070,Trawlers,Set longlines
219853000,Fishing vessel,Trawlers
227316570,Pots and traps,Set gillnets
247144640,Trawlers,Set longlines
227646110,Trawlers,Pots and traps
239599000,Purse seines,Set gillnets
227631450,Trawlers,Set gillnets
227306990,Pots and traps,Set gillnets
247083370,Set longlines,Set gillnets
265677890,Trollers,Pots and traps
247158700,Trawlers,Purse seines
247087090,Trawlers,Set gillnets
220088000,Trawlers,Set gillnets
237887000,Trawlers,Purse seines
244810000,Fishing vessel,Trawlers
265606230,Set gillnets,Pole and line
235040079,Trawlers,Pots and traps
247120240,Trawlers,Purse seines
247145370,Trawlers,Set longlines
238757740,Trawlers,Purse seines
224040840,Set longlines,Pots and traps
219011032,Trawlers,Set gillnets
247133570,Trawlers,Set longlines
247122220,Trawlers,Purse seines
265651880,Set gillnets,Fishing vessel
238429040,Trawlers,Purse seines
247130410,Purse seines,Set longlines
237048000,Trawlers,Purse seines
239101000,Purse seines,Set longlines
247143470,Trawlers,Set longlines
247141040,Set longlines,Fishing vessel
224099320,Set longlines,Pots and traps
235105723,Pots and traps,Trawlers
240105000,Trawlers,Purse seines
261006830,Drifting longlines,Trawlers
219005805,Trawlers,Set gillnets
240461000,Set gillnets,Set longlines
240254000,Drifting longlines,Set longlines
219004178,Trawlers,Set gillnets
247149480,Trawlers,Pole and line
219014049,Trawlers,Set longlines
219006443,Set gillnets,Set longlines
247142880,Trawlers,Purse seines
239236000,Purse seines,Drifting longlines
227592060,Pots and traps,Set gillnets
237618000,Trawlers,Purse seines
219007404,Set gillnets,Set longlines
235071779,Pots and traps,Set gillnets
265701830,Set gillnets,Pole and line
247120500,Trawlers,Set longlines
247071940,Trawlers,Purse seines
238624910,Purse seines,Set longlines
227635980,Set gillnets,Pots and traps
246722000,Set gillnets,Pole and line
238001340,Purse seines,Set gillnets
247142730,Trawlers,Set longlines
239088000,Purse seines,Set longlines
247091060,Set longlines,Set gillnets
227532000,Set gillnets,Set longlines
220313000,Trawlers,Set gillnets
238014840,Trawlers,Purse seines
204206740,Pole and line,Drifting longlines
227315990,Set gillnets,Pots and traps
238150000,Purse seines,Trawlers
261000970,Set gillnets,Drifting longlines
220453000,Trawlers,Purse seines
247130060,Trawlers,Set longlines
248000190,Set longlines,Set gillnets
247080360,Set longlines,Set gillnets
219018852,Trawlers,Set gillnets
250002727,Set gillnets,Pots and traps
247050620,Trawlers,Purse seines
244750304,Set gillnets,Trawlers
219007333,Set gillnets,Set longlines
219017576,Set gillnets,Pots and traps
237316000,Trawlers,Purse seines
220032000,Trawlers,Set gillnets
265611970,Fishing vessel,Trollers
263414640,Set longlines,Drifting longlines
240131000,Trawlers,Purse seines
227570000,Fishing vessel,Set gillnets
238563210,Trawlers,Set gillnets
227581550,Pots and traps,Set gillnets
247150830,Trawlers,Purse seines
247127890,Trawlers,Set longlines
247072770,Trawlers,Set gillnets
247053550,Trawlers,Set gillnets
247155040,Trawlers,Purse seines
238899240,Purse seines,Set gillnets
247076010,Trawlers,Set longlines
246372000,Trawlers,Pole and line
219016588,Set longlines,Set gillnets
247101340,Trawlers,Purse seines
247308420,Trawlers,Purse seines
207429000,Set gillnets,Trawlers
247143030,Trawlers,Set longlines
263569000,Set longlines,Drifting longlines
247074210,Trawlers,Set gillnets
220461000,Purse seines,Trawlers
207833240,Trawlers,Set gillnets
261002560,Trawlers,Drifting longlines
247102990,Trawlers,Set gillnets
261008900,Set gillnets,Set longlines
250002299,Fishing vessel,Trawlers
238019440,Trawlers,Set longlines
227322670,Trawlers,Pots and traps
204814000,Set longlines,Drifting longlines
238838740,Purse seines,Trawlers
247113290,Trawlers,Purse seines
247220130,Trawlers,Purse seines
247121820,Trawlers,Purse seines
224015940,Set longlines,Pots and traps
247100680,Trawlers,Purse seines
247146320,Purse seines,Set longlines
247066860,Trawlers,Purse seines
219004473,Trawlers,Set gillnets
204203880,Pole and line,Set longlines
247308540,Trawlers,Purse seines
247143930,Trawlers,Set longlines
247143150,Trawlers,Purse seines
250000954,Pots and traps,Fishing vessel
247080330,Trawlers,Purse seines
265681420,Set gillnets,Pole and line
265699610,Pots and traps,Purse seines
224074180,Set longlines,Pots and traps
247122640,Trawlers,Set longlines
247050810,Trawlers,Set longlines
247152290,Trawlers,Set gillnets
224103970,Set longlines,Set gillnets
219009334,Set longlines,Set gillnets
250001151,Trawlers,Fishing vessel
247306040,Set gillnets,Trollers
261004440,Trawlers,Drifting longlines
247150930,Purse seines,Set longlines
247084310,Trawlers,Purse seines
209232000,Drifting longlines,Set gillnets
238955340,Purse seines,Trollers
261011770,Set gillnets,Trawlers
247119090,Trawlers,Set longlines
265691740,Fishing vessel,Pots and traps
227389000,Set longlines,Set gillnets
238902840,Purse seines,Set gillnets
247030920,Trawlers,Purse seines
247131130,Trawlers,Set longlines
238506240,Trawlers,Set longlines
238343740,Purse seines,Set longlines
263422760,Purse seines,Set gillnets
247083890,Trawlers,Purse seines
237567000,Trawlers,Purse seines
247302370,Trawlers,Set longlines
263420240,Purse seines,Set longlines
219650000,Fishing vessel,Trawlers
247100260,Trawlers,Purse seines
237547000,Purse seines,Trawlers
265694730,Pots and traps,Fishing vessel
227315850,Set gillnets,Trawlers
247131610,Trawlers,Purse seines
239707000,Purse seines,Fishing vessel
247302330,Purse seines,Set longlines
247131440,Trawlers,Set gillnets
219004633,Trawlers,Set gillnets
240526000,Purse seines,Set gillnets
261002910,Set gillnets,Drifting longlines
250000775,Pots and traps,Set gillnets
263427750,Set longlines,Drifting longlines
237390000,Trawlers,Set longlines
227567680,Set gillnets,Pots and traps
263422970,Set gillnets,Purse seines
227609410,Set longlines,Set gillnets
237058000,Trawlers,Purse seines
237562000,Trawlers,Purse seines
247053950,Trawlers,Set gillnets
247154490,Set longlines,Fishing vessel
247092390,Trawlers,Purse seines
265630670,Set gillnets,Pots and traps
247100580,Trawlers,Set longlines
247053580,Trawlers,Purse seines
225382000,Set longlines,Set gillnets
247064760,Trawlers,Purse seines
219005902,Set gillnets,Trawlers
247149250,Trawlers,Purse seines
227635230,Trawlers,Set gillnets
247151160,Trawlers,Set longlines
247127130,Trawlers,Set longlines
204269000,Set gillnets,Pots and traps
207829520,Set gillnets,Trawlers
261003920,Set gillnets,Drifting longlines
241666000,Set longlines,Set gillnets
250002704,Trawlers,Fishing vessel
227618730,Trawlers,Pots and traps
215000063,Drifting longlines,Set longlines
238647310,Purse seines,Set gillnets
207827920,Trawlers,Set gillnets
235078471,Pots and traps,Fishing vessel
265650120,Pole and line,Fishing vessel
219007027,Trawlers,Set gillnets
240417000,Purse seines,Set longlines
240456000,Set longlines,Set gillnets
244670929,Set gillnets,Pole and line
247101230,Trawlers,Purse seines
227591030,Trawlers,Drifting longlines
263408240,Set gillnets,Fishing vessel
219007034,Trawlers,Set gillnets
224094770,Set longlines,Pots and traps
247080550,Trawlers,Purse seines
211517110,Set gillnets,Trawlers
237915000,Trawlers,Purse seines
266322000,Fishing vessel,Trawlers
207822570,Trawlers,Fishing vessel
247304980,Trawlers,Set longlines
237885000,Trawlers,Purse seines
247141340,Set longlines,Fishing vessel
265737300,Pots and traps,Trollers
266371000,Trawlers,Pots and traps
244615490,Trawlers,Set gillnets
247083530,Trawlers,Purse seines
247068130,Trawlers,Purse seines
237448000,Trawlers,Set gillnets
207829360,Trawlers,Set gillnets
219007544,Trawlers,Set gillnets
207828530,Set gillnets,Trawlers
224440790,Set longlines,Pots and traps
227322270,Trawlers,Set gillnets
240107000,Trawlers,Purse seines
227681710,Trawlers,Set gillnets
247140320,Purse seines,Set longlines
247185500,Trawlers,Purse seines
247101020,Trawlers,Purse seines
247110190,Purse seines,Trawlers
247094310,Trawlers,Purse seines
247147780,Trawlers,Purse seines
238197240,Trawlers,Pole and line
219009274,Trawlers,Set gillnets
240406000,Set longlines,Set gillnets
220327000,Trawlers,Set gillnets
237312000,Trawlers,Purse seines
219016474,Set gillnets,Trawlers
227320310,Set gillnets,Pots and traps
261006880,Trawlers,Drifting longlines
247151690,Trawlers,Set longlines
239583300,Set longlines,Drifting longlines
247100410,Purse seines,Trawlers
247140840,Trawlers,Set longlines
247152310,Trawlers,Set longlines
224017450,Set longlines,Pots and traps
247121540,Trawlers,Set longlines
247303390,Trawlers,Set longlines
245287000,Set gillnets,Pots and traps
219002368,Trawlers,Fishing vessel
235074868,Trawlers,Pots and traps
237435000,Purse seines,Set longlines
240910000,Purse seines,Set gillnets
204274000,Set gillnets,Set longlines
227316520,Pots and traps,Set gillnets
265612240,Trawlers,Fishing vessel
263420690,Set gillnets,Pots and traps
227647080,Set gillnets,Pots and traps
266424000,Trawlers,Set longlines
227894000,Set gillnets,Set longlines
247146770,Trawlers,Set longlines
247302510,Trawlers,Purse seines
218442000,Trawlers,Set gillnets
219013485,Trawlers,Fishing vessel
250000608,Set gillnets,Trawlers
247133630,Set gillnets,Trollers
224082580,Set longlines,Pots and traps
238967810,Trawlers,Set longlines
237299800,Purse seines,Set gillnets
238900840,Purse seines,Trawlers
227597000,Set gillnets,Set longlines
250002601,Pots and traps,Pole and line
261004380,Trawlers,Set gillnets
224094870,Set longlines,Pots and traps
244646000,Trawlers,Pots and traps
266440000,Purse seines,Trawlers
247120710,Trawlers,Purse seines
219015617,Trawlers,Set gillnets
265737870,Set gillnets,Pole and line
247149860,Purse seines,Set longlines
238308040,Purse seines,Set longlines
240802000,Trawlers,Purse seines
219006236,Set gillnets,Set longlines
207822660,Trawlers,Set gillnets
247084010,Trawlers,Set longlines
250003406,Trawlers,Unknown gear
219001553,Set gillnets,Trawlers
224069130,Set longlines,Set gillnets
247132480,Trawlers,Purse seines
238420640,Purse seines,Set gillnets
207426000,Trawlers,Drifting longlines
240397000,Set longlines,Set gillnets
219011179,Set gillnets,Set longlines
247149630,Trawlers,Set longlines
237880000,Trawlers,Purse seines
247085680,Trawlers,Set longlines
275444000,Pots and traps,Unknown gear
247083410,Trawlers,Purse seines
247145790,Trawlers,Purse seines
211523500,Set gillnets,Set longlines
247142510,Trawlers,Set longlines
247145120,Trawlers,Purse seines
246233000,Fishing vessel,Trawlers
247093040,Trawlers,Purse seines
237445000,Trawlers,Set gillnets
237148900,Fishing vessel,Purse seines
247123740,Trawlers,Set gillnets
247100770,Purse seines,Trawlers
237292000,Trawlers,Purse seines
237814000,Trawlers,Purse seines
247100420,Trawlers,Set longlines
250000216,Trawlers,Set gillnets
237349000,Trawlers,Purse seines
240404000,Set gillnets,Drifting longlines
219013756,Fishing vessel,Set gillnets
247144660,Trawlers,Purse seines
247144890,Purse seines,Set longlines
237027000,Trawlers,Purse seines
219005847,Set gillnets,Trawlers
212101000,Drifting longlines,Set longlines
247052530,Trawlers,Set gillnets
227820000,Pots and traps,Trawlers
247141660,Purse seines,Set longlines
227594760,Set gillnets,Pots and traps
263551000,Set longlines,Drifting longlines
247050830,Trawlers,Set longlines
247101270,Trawlers,Purse seines
247102810,Trawlers,Purse seines
224690000,Set longlines,Set gillnets
247220050,Purse seines,Set longlines
247145080,Trawlers,Set longlines
247120560,Trawlers,Purse seines
247044980,Trawlers,Set longlines
219004203,Set gillnets,Trawlers
247300940,Trawlers,Purse seines
227904000,Pots and traps,Set gillnets
244810050,Pole and line,Set longlines
247301120,Purse seines,Set longlines
265671520,Fishing vessel,Set gillnets
204233000,Set longlines,Drifting longlines
224980000,Set longlines,Set gillnets
240250000,Trawlers,Purse seines
247120950,Trawlers,Purse seines
247149410,Trawlers,Purse seines
247148670,Trawlers,Purse seines
247300990,Trawlers,Set longlines
219006115,Set gillnets,Set longlines
226004000,Set gillnets,Set longlines
204225000,Set longlines,Drifting longlines
224246000,Set longlines,Set gillnets
247094260,Trawlers,Set longlines
261013080,Trawlers,Set gillnets
240427000,Trawlers,Purse seines
247141730,Trawlers,Purse seines
238752740,Purse seines,Set gillnets
247100350,Trawlers,Purse seines
246742000,Fishing vessel,Trawlers
237604000,Trawlers,Purse seines
227682170,Trawlers,Set gillnets
227315730,Set gillnets,Set longlines
247051150,Trawlers,Set gillnets
237346000,Trawlers,Purse seines
247121290,Trawlers,Purse seines
265680790,Trawlers,Set gillnets
247065610,Trawlers,Purse seines
247130740,Set longlines,Set gillnets
247085190,Trawlers,Set gillnets
235084601,Pots and traps,Set gillnets
265631320,Set gillnets,Pole and line
247051240,Trawlers,Set gillnets
240535000,Drifting longlines,Set gillnets
240440000,Trawlers,Purse seines
239436000,Purse seines,Set gillnets
227312180,Set gillnets,Pots and traps
246015000,Fishing vessel,Trawlers
211315870,Pots and traps,Set gillnets
263329000,Set gillnets,Set longlines
247141160,Trawlers,Purse seines
227385000,Set longlines,Set gillnets
247111680,Purse seines,Set longlines
247101140,Trawlers,Purse seines
247140580,Purse seines,Set longlines
247102560,Trawlers,Purse seines
227639660,Trawlers,Set gillnets
247054090,Trawlers,Set longlines
247071380,Trawlers,Purse seines
247100270,Trawlers,Purse seines
227277330,Set gillnets,Set longlines
261001760,Trawlers,Set gillnets
247142130,Trawlers,Purse seines
227143600,Fishing vessel,Trawlers
238598010,Trawlers,Purse seines
247300010,Purse seines,Set longlines
247121020,Trawlers,Purse seines
247132590,Set gillnets,Trollers
247140930,Trawlers,Purse seines
211593750,Trawlers,Fishing vessel
224069690,Set longlines,Set gillnets
265588050,Set gillnets,Pole and line
207326000,Set gillnets,Fishing vessel
219003849,Set gillnets,Trawlers
238825840,Purse seines,Set gillnets
247140240,Trawlers,Purse seines
237228000,Trawlers,Purse seines
224780000,Set longlines,Set gillnets
247120960,Trawlers,Purse seines
247101540,Trawlers,Purse seines
205161000,Trawlers,Fishing vessel
227323270,Trawlers,Set gillnets
237374000,Trawlers,Set gillnets
265563480,Pots and traps,Purse seines
261004430,Trawlers,Drifting longlines
247100620,Trawlers,Purse seines
227308650,Pots and traps,Trawlers
265661180,Trollers,Pots and traps
224141980,Set longlines,Set gillnets
247101050,Trawlers,Set gillnets
227883000,Set gillnets,Set longlines
207832280,Trawlers,Set gillnets
227728040,Set gillnets,Trawlers
265710690,Fishing vessel,Pots and traps
219001703,Set gillnets,Trawlers
247065740,Trawlers,Set gillnets
247100510,Trawlers,Purse seines
219008927,Trawlers,Set gillnets
227573960,Set gillnets,Pots and traps
247082740,Trawlers,Set gillnets
247094940,Purse seines,Pole and line
263500263,Pole and line,Set longlines
227784760,Set gillnets,Trollers
247142710,Trawlers,Set longlines
207822280,Set gillnets,Trawlers
250000528,Trawlers,Set gillnets
227573440,Purse seines,Set gillnets
247148660,Trawlers,Purse seines
263418780,Drifting longlines,Set longlines
237151000,Trawlers,Purse seines
238641410,Purse seines,Trawlers
247110330,Trawlers,Purse seines
247141490,Purse seines,Set longlines
224610000,Set longlines,Set gillnets
261010820,Trawlers,Set gillnets
247131490,Purse seines,Set longlines
263405940,Set longlines,Set gillnets
261003890,Drifting longlines,Trawlers
237610000,Trawlers,Purse seines
238294140,Purse seines,Set gillnets
247068110,Trawlers,Set gillnets
227592480,Set gillnets,Pots and traps
237688000,Trawlers,Purse seines
247141410,Trawlers,Set longlines
240396000,Drifting longlines,Set gillnets
211758000,Trawlers,Set gillnets
247126820,Trawlers,Purse seines
227640710,Trawlers,Set longlines
255402650,Pole and line,Set longlines
239096000,Drifting longlines,Set longlines
224081290,Set longlines,Pots and traps
247140670,Purse seines,Set longlines
247148780,Purse seines,Set longlines
224024000,Set longlines,Set gillnets
237070000,Purse seines,Trawlers
247072740,Trawlers,Purse seines
247143680,Purse seines,Set longlines
250370000,Trawlers,Fishing vessel
247140560,Purse seines,Set longlines
261004280,Trawlers,Drifting longlines
247142820,Trawlers,Set longlines
219014162,Set gillnets,Set longlines
227637310,Trawlers,Set gillnets
237108000,Purse seines,Trawlers
247300930,Trawlers,Set longlines
263266000,Pots and traps,Set longlines
247131580,Trawlers,Set longlines
227957000,Set longlines,Drifting longlines
265616510,Pots and traps,Set gillnets
237911000,Trawlers,Set longlines
247143810,Set longlines,Fishing vessel
227689760,Set gillnets,Pots and traps
247144090,Trawlers,Purse seines
247121970,Trawlers,Purse seines
240552000,Drifting longlines,Set gillnets
247148620,Trawlers,Set longlines
238622310,Purse seines,Set gillnets
224268000,Set longlines,Set gillnets
247142970,Trawlers,Set longlines
240394000,Drifting longlines,Set gillnets
247091110,Trawlers,Set longlines
220051000,Fishing vessel,Trawlers
247141890,Trawlers,Set longlines
247120602,Trawlers,Set gillnets
237586000,Trawlers,Purse seines
244668000,Trawlers,Fishing vessel
261001700,Set gillnets,Set longlines
238905540,Purse seines,Trawlers
240338000,Trawlers,Purse seines
263405380,Set gillnets,Drifting longlines
237190000,Trawlers,Purse seines
227702720,Set gillnets,Pole and line
247130760,Trawlers,Set longlines
237086000,Trawlers,Purse seines
212447000,Drifting longlines,Set longlines
237439000,Drifting longlines,Set gillnets
227317780,Set gillnets,Trawlers
238604010,Purse seines,Fishing vessel
247100290,Trawlers,Set gillnets
266142000,Purse seines,Trawlers
224172950,Set longlines,Pots and traps
247148880,Trawlers,Purse seines
247120390,Trawlers,Purse seines
224274380,Set longlines,Pots and traps
227589520,Trawlers,Set gillnets
247094320,Trawlers,Set gillnets
263403780,Set longlines,Set gillnets
247045770,Trawlers,Set longlines
247145710,Trawlers,Set longlines
237570000,Trawlers,Purse seines
247110550,Purse seines,Set longlines
237257000,Trawlers,Purse seines
247073570,Trawlers,Purse seines
261005580,Trawlers,Drifting longlines
250002424,Trawlers,Purse seines
237638000,Trawlers,Purse seines
239424000,Set longlines,Pots and traps
225378000,Set longlines,Set gillnets
247304770,Trawlers,Purse seines
205271000,Trawlers,Set gillnets
235083322,Trawlers,Pots and traps
238837240,Purse seines,Set gillnets
247141230,Trawlers,Purse seines
238794240,Purse seines,Set gillnets
238424040,Purse seines,Trawlers
247100470,Set longlines,Set gillnets
247147090,Trawlers,Set gillnets
261003220,Trawlers,Drifting longlines
265600190,Trollers,Pots and traps
247131770,Trawlers,Set longlines
247147380,Trawlers,Purse seines
247306520,Trawlers,Purse seines
219001588,Fishing vessel,Set gillnets
250428000,Set gillnets,Fishing vessel
250486000,Fishing vessel,Trawlers
266390000,Pole and line,Set gillnets
263407870,Purse seines,Set longlines
247303340,Trawlers,Purse seines
247132540,Purse seines,Set longlines
247119740,Trawlers,Purse seines
219012521,Fishing vessel,Trawlers
210924000,Drifting longlines,Set longlines
227322070,Pots and traps,Set gillnets
247304290,Trawlers,Set longlines
247120640,Trawlers,Set longlines
220353000,Set gillnets,Trawlers
239391000,Set gillnets,Drifting longlines
247202650,Trawlers,Purse seines
239467000,Purse seines,Set gillnets
247102180,Trawlers,Purse seines
265670930,Set gillnets,Pole and line
211314450,Trawlers,Fishing vessel
247070880,Trawlers,Set gillnets
227636430,Set gillnets,Set longlines
247156120,Trawlers,Set longlines
247092230,Trawlers,Set longlines
265658830,Trawlers,Pots and traps
227320160,Set gillnets,Pots and traps
275191000,Set gillnets,Set longlines
263410840,Drifting longlines,Set longlines
247049440,Purse seines,Set longlines
247054130,Trawlers,Set longlines
247050740,Trawlers,Set longlines
224175960,Set longlines,Set gillnets
247140950,Set longlines,Fishing vessel
247281510,Trawlers,Set longlines
224272000,Set longlines,Pots and traps
219762000,Set gillnets,Trawlers
247092890,Trawlers,Set longlines
247142190,Purse seines,Set longlines
219013976,Set gillnets,Set longlines
227631850,Trawlers,Pots and traps
247143230,Purse seines,Set longlines
256000513,Drifting longlines,Set longlines
220127000,Trawlers,Set gillnets
207822580,Trawlers,Set gillnets
238316240,Purse seines,Trawlers
237123000,Purse seines,Trawlers
247141870,Trawlers,Set gillnets
246314000,Trawlers,Set gillnets
247147630,Trawlers,Set longlines
247141970,Trawlers,Set longlines
247149950,Trawlers,Set longlines
244010526,Set gillnets,Pole and line
263294000,Pots and traps,Set longlines
247147880,Trawlers,Set longlines
235020111,Pots and traps,Fishing vessel
204257000,Purse seines,Set gillnets
26103770,Set longlines,Set gillnets
240724000,Purse seines,Set gillnets
224000240,Set longlines,Pots and traps
238655940,Trawlers,Purse seines
247122240,Trawlers,Set longlines
261008030,Trawlers,Drifting longlines
227569380,Trawlers,Set longlines
225341000,Set longlines,Set gillnets
247030820,Purse seines,Set longlines
219002051,Trawlers,Set gillnets
239188000,Drifting longlines,Set longlines
247280830,Purse seines,Fishing vessel
239233000,Drifting longlines,Set longlines
247114040,Trawlers,Set longlines
227599000,Trawlers,Fishing vessel
237613000,Trawlers,Purse seines
237553000,Purse seines,Set gillnets
238016640,Purse seines,Trawlers
261006940,Trawlers,Drifting longlines
227301110,Pots and traps,Set gillnets
237918000,Trawlers,Purse seines
224020060,Set longlines,Pots and traps
261005180,Set gillnets,Set longlines
247071910,Trawlers,Set longlines
247092310,Trawlers,Set longlines
247076150,Trawlers,Set gillnets
224011990,Set longlines,Set gillnets
207824680,Trawlers,Set gillnets
204813000,Drifting longlines,Set longlines
265687420,Set gillnets,Pole and line
219018405,Trawlers,Set gillnets
247081340,Purse seines,Set longlines
247122250,Trawlers,Set longlines
247150350,Set longlines,Fishing vessel
247044920,Trawlers,Set longlines
261018440,Trawlers,Set longlines
204209570,Pole and line,Fishing vessel
247155630,Trawlers,Set longlines
205240000,Fishing vessel,Trawlers
265752900,Pots and traps,Fishing vessel
263419290,Set longlines,Purse seines
227316070,Trawlers,Pots and traps
261007860,Set gillnets,Drifting longlines
247151280,Trawlers,Set longlines
247130850,Trawlers,Set longlines
247145580,Trawlers,Set gillnets
227628730,Trawlers,Pots and traps
235081915,Pots and traps,Set gillnets
247110770,Trawlers,Set gillnets
247030620,Trawlers,Purse seines
227321290,Set longlines,Trawlers
247142520,Set longlines,Fishing vessel
247051930,Trawlers,Purse seines
238281140,Purse seines,Trawlers
239098000,Purse seines,Set gillnets
247281540,Trawlers,Purse seines
219007432,Trawlers,Set gillnets
227563620,Set gillnets,Pots and traps
247100690,Trawlers,Set longlines
275448000,Pots and traps,Unknown gear
247302720,Purse seines,Set longlines
247113010,Trawlers,Purse seines
250001143,Trawlers,Set gillnets
247126690,Trawlers,Set longlines
227682390,Trawlers,Set gillnets
227556000,Set longlines,Drifting longlines
247131980,Trawlers,Purse seines
237299000,Trawlers,Purse seines
256000534,Set longlines,Drifting longlines
237983000,Purse seines,Set gillnets
204235000,Set gillnets,Drifting longlines
247151730,Trawlers,Set longlines
227414000,Trawlers,Fishing vessel
244860535,Trawlers,Fishing vessel
247145290,Trawlers,Set longlines
239398000,Purse seines,Set gillnets
219007036,Trawlers,Set gillnets
237220000,Trawlers,Purse seines
240324000,Purse seines,Set gillnets
227610980,Set gillnets,Pots and traps
247101440,Trawlers,Purse seines
227625440,Trawlers,Set gillnets
247300340,Trawlers,Purse seines
247100520,Trawlers,Set gillnets
224000220,Set longlines,Set gillnets
219006061,Set gillnets,Set longlines
265483000,Purse seines,Trawlers
247143580,Trawlers,Set longlines
250184000,Purse seines,Trawlers
227107100,Set longlines,Drifting longlines
250001676,Set longlines,Drifting longlines
207824340,Set gillnets,Pole and line
247120430,Trawlers,Set gillnets
247150160,Trawlers,Set longlines
227648210,Set gillnets,Trawlers
247083390,Trawlers,Purse seines
247142050,Trawlers,Purse seines
247100360,Trawlers,Purse seines
219001149,Trawlers,Fishing vessel
250142400,Trawlers,Purse seines
247149280,Trawlers,Set longlines
237450000,Trawlers,Purse seines
247123680,Trawlers,Pole and line
250292000,Set gillnets,Trawlers
212446000,Drifting longlines,Set longlines
227582920,Set gillnets,Trollers
240452000,Drifting longlines,Set longlines
247141810,Trawlers,Set gillnets
247123160,Trawlers,Set longlines
204270000,Set gillnets,Pots and traps
247149810,Trawlers,Purse seines
247102210,Trawlers,Purse seines
207826760,Trawlers,Pole and line
237015000,Trawlers,Purse seines
263413370,Drifting longlines,Set longlines
247144080,Trawlers,Set longlines
247149020,Trawlers,Fishing vessel
204237000,Drifting longlines,Set longlines
247142630,Set longlines,Set gillnets
247123070,Trawlers,Set longlines
204209960,Pole and line,Drifting longlines
238381540,Trawlers,Purse seines
238010340,Purse seines,Pole and line
247147560,Trawlers,Set longlines
247141850,Purse seines,Set longlines
227762340,Trawlers,Set gillnets
224052970,Set longlines,Set gillnets
247156090,Trawlers,Set gillnets
227113500,Trawlers,Fishing vessel
263407750,Purse seines,Set longlines
247100040,Trawlers,Purse seines
247142440,Trawlers,Purse seines
238751940,Purse seines,Set gillnets
247300430,Trawlers,Set longlines
265665860,Trawlers,Set gillnets
247146010,Trawlers,Purse seines
204202940,Pole and line,Fishing vessel
235037753,Pots and traps,Set gillnets
211187000,Trawlers,Set gillnets
235003891,Pots and traps,Set gillnets
207827790,Trawlers,Set gillnets
247122340,Trawlers,Set gillnets
247144480,Purse seines,Set longlines
245993000,Trawlers,Set gillnets
204853000,Drifting longlines,Set longlines
224178660,Set longlines,Pots and traps
266360000,Set gillnets,Pole and line
238644110,Purse seines,Trawlers
204815000,Pole and line,Drifting longlines
247050640,Trawlers,Purse seines
219837000,Set gillnets,Trollers
247048960,Purse seines,Set gillnets
238114940,Purse seines,Set longlines
219004265,Set gillnets,Set longlines
215000330,Set gillnets,Drifting longlines
219011765,Set gillnets,Set longlines
247064930,Trawlers,Purse seines
247125050,Trawlers,Set longlines
261001590,Set gillnets,Set longlines
247049490,Purse seines,Set longlines
240376000,Purse seines,Set gillnets
247084470,Trawlers,Set gillnets
207829660,Set gillnets,Trawlers
247130230,Trawlers,Set longlines
224010000,Set longlines,Set gillnets
207827450,Set gillnets,Trawlers
219006835,Trawlers,Set gillnets
239235000,Drifting longlines,Set gillnets
227676870,Pots and traps,Set gillnets
220073000,Trawlers,Set gillnets
247149010,Trawlers,Purse seines
278095000,Trawlers,Set gillnets
247030160,Trawlers,Purse seines
227641020,Trawlers,Set gillnets
263409360,Purse seines,Set longlines
219001723,Set gillnets,Fishing vessel
239272000,Purse seines,Set gillnets
247100480,Trawlers,Set gillnets
238103440,Purse seines,Trawlers
219006301,Set gillnets,Trawlers
261012880,Trawlers,Set longlines
209465000,Drifting longlines,Set longlines
224069860,Set longlines,Pots and traps
237164000,Trawlers,Purse seines
247097280,Trawlers,Purse seines
277222000,Set gillnets,Trawlers
245185000,Trawlers,Purse seines
255501000,Drifting longlines,Set longlines
245016000,Set gillnets,Trawlers
247281240,Trawlers,Set gillnets
239023000,Purse seines,Set gillnets
204206760,Pole and line,Set longlines
220046000,Trawlers,Set gillnets
265588470,Set gillnets,Pots and traps
247144130,Purse seines,Set longlines
247306970,Purse seines,Set longlines
247074640,Trawlers,Purse seines
263402680,Set gillnets,Drifting longlines
219007944,Trawlers,Set gillnets
235091962,Trawlers,Set gillnets
247130290,Trawlers,Purse seines
235097217,Pots and traps,Set gillnets
227308000,Trawlers,Fishing vessel
239176000,Purse seines,Set gillnets
263319000,Set gillnets,Pots and traps
239459000,Set longlines,Purse seines
247130370,Set longlines,Fishing vessel
247100540,Trawlers,Set gillnets
250002513,Trawlers,Fishing vessel
237665000,Trawlers,Purse seines
247153630,Trawlers,Set longlines
219019555,Trawlers,Purse seines
247103130,Trawlers,Set gillnets
247133620,Trawlers,Set longlines
227636480,Trawlers,Set gillnets
247121310,Trawlers,Purse seines
240994000,Drifting longlines,Set gillnets
224147740,Set longlines,Pots and traps
247121920,Trawlers,Purse seines
227353000,Trawlers,Fishing vessel
227113100,Trawlers,Trollers
247300080,Trawlers,Purse seines
247091160,Trawlers,Purse seines
238284000,Purse seines,Trawlers
240484000,Fishing vessel,Purse seines
247144560,Trawlers,Purse seines
240401000,Drifting longlines,Set gillnets
247130170,Set longlines,Fishing vessel
240063000,Purse seines,Set gillnets
247084040,Trawlers,Set gillnets
247061690,Trawlers,Purse seines
247076320,Trawlers,Purse seines
247092780,Trawlers,Purse seines
219002023,Trawlers,Set gillnets
247120860,Trawlers,Set longlines
238361240,Purse seines,Trawlers
247061730,Trawlers,Purse seines
247151150,Trawlers,Set longlines
250002264,Trawlers,Fishing vessel
207829440,Trawlers,Set gillnets
247103510,Trawlers,Purse seines
211480810,Set gillnets,Set longlines
227631910,Trawlers,Pots and traps
240234000,Purse seines,Set gillnets
207824740,Trawlers,Set gillnets
247142940,Trawlers,Set longlines
250220000,Fishing vessel,Trawlers
247148960,Purse seines,Set longlines
247220040,Purse seines,Pole and line
227127200,Set gillnets,Pots and traps
261002730,Trawlers,Set gillnets
220038000,Trawlers,Set gillnets
227260880,Drifting longlines,Purse seines
219016764,Trawlers,Set longlines
247131710,Purse seines,Set longlines
247131680,Purse seines,Set longlines
247151010,Trawlers,Set longlines
247300130,Purse seines,Set longlines
247151290,Trawlers,Set longlines
247120550,Trawlers,Set longlines
261020570,Trawlers,Set gillnets
225381000,Set longlines,Set gillnets
238765040,Purse seines,Trawlers
247141910,Set longlines,Set gillnets
207822670,Trawlers,Set gillnets
247110170,Trawlers,Purse seines
239420000,Purse seines,Set gillnets
219002415,Set gillnets,Set longlines
247103220,Trawlers,Set longlines
237544000,Purse seines,Trawlers
247149640,Purse seines,Set longlines
219004242,Trawlers,Set gillnets
247071970,Trawlers,Purse seines
237487000,Trawlers,Purse seines
247091570,Purse seines,Set longlines
247110060,Purse seines,Set gillnets
238116840,Purse seines,Trawlers
237363000,Trawlers,Purse seines
250101900,Trawlers,Set gillnets
247102720,Trawlers,Purse seines
247121440,Trawlers,Purse seines
227512000,Set gillnets,Set longlines
240407000,Drifting longlines,Set longlines
207427000,Trawlers,Set gillnets
250000322,Trawlers,Set gillnets
204201360,Set longlines,Pots and traps
227590030,Trawlers,Set gillnets
247142430,Trawlers,Set longlines
237540000,Trawlers,Purse seines
220128000,Trawlers,Set gillnets
227559990,Set longlines,Set gillnets
237214000,Purse seines,Trawlers
224936000,Set longlines,Set gillnets
239058000,Purse seines,Drifting longlines
247147310,Trawlers,Purse seines
250002876,Trawlers,Pole and line
225360000,Set longlines,Set gillnets
247094550,Trawlers,Set longlines
247051840,Trawlers,Purse seines
263401270,Set longlines,Drifting longlines
265639120,Fishing vessel,Trollers
247151030,Trawlers,Set longlines
235099592,Pots and traps,Set gillnets
261020690,Trawlers,Set gillnets
227317870,Set gillnets,Pots and traps
227376000,Set gillnets,Set longlines
240474000,Purse seines,Set gillnets
247141630,Purse seines,Set longlines
237954000,Purse seines,Trawlers
263411260,Purse seines,Set gillnets
227588090,Set gillnets,Pots and traps
247148150,Purse seines,Set gillnets
247045180,Trawlers,Purse seines
227578460,Set gillnets,Pots and traps
240854000,Purse seines,Set gillnets
240536000,Set gillnets,Drifting longlines
227315110,Trawlers,Set gillnets
239155000,Purse seines,Set gillnets
240398000,Trawlers,Set gillnets
220482000,Trawlers,Purse seines
227525000,Purse seines,Set gillnets
247143370,Trawlers,Set longlines
224793000,Set longlines,Set gillnets
239130000,Purse seines,Set longlines
247103430,Trawlers,Purse seines
219007829,Set gillnets,Trawlers
247306670,Trawlers,Purse seines
235081025,Pots and traps,Set gillnets
247048870,Trawlers,Set longlines
247121160,Trawlers,Purse seines
266349000,Trawlers,Purse seines
247094960,Set longlines,Fishing vessel
224658000,Set longlines,Set gillnets
250000097,Purse seines,Trawlers
240102000,Trawlers,Pole and line
244050849,Trawlers,Set gillnets
237371000,Trawlers,Set longlines
247074630,Trawlers,Purse seines
247100780,Trawlers,Purse seines
247144420,Purse seines,Set longlines
247141010,Trawlers,Set longlines
247074260,Trawlers,Set gillnets
247066220,Purse seines,Set gillnets
247071170,Trawlers,Set longlines
247140190,Trawlers,Purse seines
238536710,Trawlers,Purse seines
204275000,Set gillnets,Pots and traps
238102540,Purse seines,Trawlers
244690305,Set gillnets,Pots and traps
239400000,Purse seines,Trawlers
238790840,Trawlers,Purse seines
237376000,Trawlers,Set longlines
261006890,Trawlers,Drifting longlines
247050230,Trawlers,Set longlines
247144870,Purse seines,Set longlines
265635810,Set gillnets,Pole and line
263583000,Set gillnets,Trawlers
237364000,Purse seines,Set gillnets
237920000,Trawlers,Purse seines
219011336,Set gillnets,Set longlines
219002149,Trawlers,Set gillnets
265678200,Trollers,Fishing vessel
247123060,Trawlers,Set longlines
265757320,Trawlers,Set gillnets
247065940,Purse seines,Set longlines
219001204,Set gillnets,Trawlers
261010430,Set gillnets,Trawlers
227322180,Set gillnets,Pots and traps
247145270,Trawlers,Set longlines
219010818,Set gillnets,Set longlines
247081730,Purse seines,Set longlines
227311480,Set gillnets,Pots and traps
247129960,Trawlers,Purse seines
247081150,Trawlers,Purse seines
247143440,Set longlines,Set gillnets
238882640,Purse seines,Set gillnets
237291000,Trawlers,Purse seines
241110000,Purse seines,Set gillnets
227308110,Set gillnets,Set longlines
250116400,Fishing vessel,Set gillnets
237029000,Trawlers,Pole and line
247151110,Trawlers,Set longlines
227124200,Trawlers,Set gillnets
227640190,Trawlers,Pots and traps
247054450,Trawlers,Set longlines
227612990,Pots and traps,Set gillnets
220043000,Trawlers,Fishing vessel
227145800,Set gillnets,Set longlines
238000005,Trawlers,Set longlines
238192340,Purse seines,Pots and traps
247202750,Trawlers,Set gillnets
263311000,Purse seines,Set longlines
224475470,Set longlines,Pots and traps
235092375,Pots and traps,Set gillnets
247123920,Trawlers,Purse seines
247131310,Purse seines,Set longlines
247130750,Trawlers,Set longlines
247086590,Trawlers,Set longlines
275171000,Pots and traps,Unknown gear
219003369,Trawlers,Set gillnets
235013031,Pots and traps,Set gillnets
235078541,Pots and traps,Set gillnets
227318010,Purse seines,Set gillnets
247133560,Trawlers,Purse seines
224152340,Set longlines,Set gillnets
220000052,Trawlers,Set gillnets
240096000,Trawlers,Purse seines
247123250,Set longlines,Set gillnets
227322680,Trawlers,Pots and traps
219015502,Trawlers,Set gillnets
224051140,Set longlines,Pots and traps
247300240,Trawlers,Set longlines
238914540,Purse seines,Trawlers
239977000,Purse seines,Set gillnets
227338000,Set longlines,Set gillnets
247145820,Trawlers,Purse seines
227616510,Trawlers,Set gillnets
207421000,Trawlers,Pole and line
247122360,Trawlers,Set longlines
219001549,Trawlers,Set gillnets
263402290,Pots and traps,Set gillnets
239128000,Purse seines,Set gillnets
247087070,Trawlers,Set gillnets
247147480,Trawlers,Purse seines
247081660,Set longlines,Set gillnets
235078344,Trawlers,Pots and traps
250002836,Fishing vessel,Set gillnets
246570000,Trawlers,Set gillnets
227408000,Set gillnets,Set longlines
219006005,Trawlers,Set gillnets
241119000,Trawlers,Purse seines
227748550,Set gillnets,Set longlines
237687000,Purse seines,Trawlers
219002464,Set gillnets,Fishing vessel
247141390,Trawlers,Purse seines
230981860,Trawlers,Pots and traps
239340000,Purse seines,Drifting longlines
250105800,Purse seines,Trawlers
250000283,Trawlers,Fishing vessel
227686570,Trawlers,Set gillnets
247151810,Trawlers,Set gillnets
263241000,Pots and traps,Set longlines
247303180,Purse seines,Set longlines
247065680,Trawlers,Purse seines
219004307,Trawlers,Set gillnets
263401480,Set gillnets,Pots and traps
247100070,Trawlers,Purse seines
247069490,Purse seines,Set longlines
263271000,Set longlines,Drifting longlines
238770640,Purse seines,Set gillnets
204285000,Pole and line,Set longlines
237168000,Trawlers,Purse seines
237119000,Trawlers,Purse seines
204205960,Pots and traps,Pole and line
238899140,Purse seines,Set gillnets
261003530,Set gillnets,Drifting longlines
255402570,Pole and line,Drifting longlines
247144390,Trawlers,Purse seines
218363000,Trawlers,Fishing vessel
238400640,Trawlers,Purse seines
247096440,Trawlers,Set longlines
247051020,Trawlers,Purse seines
275454000,Pots and traps,Unknown gear
219005919,Set gillnets,Set longlines
238592410,Trawlers,Set gillnets
237558000,Trawlers,Purse seines
227650230,Pots and traps,Trawlers
247152630,Trawlers,Set gillnets
237329000,Trawlers,Set gillnets
247143140,Trawlers,Set longlines
205327000,Trawlers,Set gillnets
211232810,Trawlers,Set gillnets
250000309,Set gillnets,Trawlers
263402370,Set gillnets,Pots and traps
247044790,Trawlers,Purse seines
248000020,Set longlines,Drifting longlines
238743340,Purse seines,Set gillnets
247069980,Purse seines,Set longlines
275455000,Pots and traps,Unknown gear
247061710,Trawlers,Set longlines
247100960,Purse seines,Set longlines
204856000,Set longlines,Drifting longlines
244434000,Trawlers,Purse seines
204202570,Pole and line,Fishing vessel
227317490,Set gillnets,Pots and traps
261006050,Trawlers,Set gillnets
247143160,Trawlers,Purse seines
265606310,Trawlers,Pots and traps
247140740,Set longlines,Fishing vessel
210928000,Drifting longlines,Set longlines
247149150,Trawlers,Purse seines
247147340,Trawlers,Set longlines
247147080,Trawlers,Purse seines
219007479,Set gillnets,Trollers
265824000,Trawlers,Purse seines
247142450,Trawlers,Purse seines
250001093,Trawlers,Set gillnets
247142180,Purse seines,Set longlines
247252810,Set longlines,Set gillnets
247280590,Trawlers,Purse seines
235004476,Pots and traps,Set gillnets
204204280,Pole and line,Set longlines
227318020,Purse seines,Set longlines
263412560,Pole and line,Set longlines
247083420,Trawlers,Purse seines
247099820,Trawlers,Set longlines
219001587,Trawlers,Set gillnets
250002268,Pots and traps,Fishing vessel
247080920,Trawlers,Purse seines
247100550,Trawlers,Set gillnets
265653530,Set gillnets,Pole and line
207828790,Set gillnets,Trawlers
247080780,Trawlers,Set longlines
219343000,Fishing vessel,Trawlers
219020634,Trawlers,Fishing vessel
265718640,Pots and traps,Fishing vessel
238361340,Trawlers,Purse seines
238963340,Purse seines,Set gillnets
238752140,Purse seines,Trawlers
247142280,Trawlers,Purse seines
224396000,Set longlines,Set gillnets
247140460,Trawlers,Set longlines
237428000,Trawlers,Purse seines
219872000,Set gillnets,Trawlers
238972240,Trawlers,Purse seines
227354000,Set gillnets,Set longlines
250401000,Trawlers,Pots and traps
224618000,Set longlines,Set gillnets
225361000,Set longlines,Set gillnets
247149160,Trawlers,Set longlines
265648570,Set gillnets,Pole and line
240393000,Drifting longlines,Set gillnets
261006910,Trawlers,Drifting longlines
263413870,Set longlines,Drifting longlines
247146640,Purse seines,Set longlines
237446000,Trawlers,Purse seines
237453000,Trawlers,Set gillnets
247094480,Set longlines,Fishing vessel
227683480,Trawlers,Set gillnets
247145190,Trawlers,Set longlines
244770191,Trawlers,Pots and traps
265689870,Set gillnets,Pole and line
247143760,Purse seines,Set longlines
247149190,Trawlers,Set longlines
263312000,Pole and line,Set longlines
247102070,Trawlers,Purse seines
244982000,Trawlers,Purse seines
247131160,Trawlers,Set longlines
238764940,Purse seines,Trawlers
247141920,Set longlines,Set gillnets
265635620,Pots and traps,Fishing vessel
219012276,Trawlers,Set gillnets
227442000,Set gillnets,Set longlines
238279740,Purse seines,Trawlers
261003190,Set gillnets,Drifting longlines
247050980,Trawlers,Set gillnets
207424000,Trawlers,Pole and line
247110810,Trawlers,Fishing vessel
227931000,Trawlers,Fishing vessel
237216000,Trawlers,Purse seines
244605000,Set gillnets,Trawlers
244750410,Set gillnets,Pots and traps
247054440,Trawlers,Set gillnets
247079050,Trawlers,Set gillnets
219905000,Set gillnets,Set longlines
261028620,Trawlers,Set gillnets
265704020,Trollers,Fishing vessel
240374000,Purse seines,Set gillnets
230981710,Drifting longlines,Set gillnets
237034000,Trawlers,Purse seines
224115000,Set longlines,Set gillnets
227381000,Fishing vessel,Trawlers
248000728,Set longlines,Drifting longlines
227690560,Trawlers,Set gillnets
247087650,Trawlers,Purse seines
235068889,Pots and traps,Set gillnets
219009413,Trawlers,Set gillnets
237132000,Trawlers,Purse seines
266159000,Trawlers,Purse seines
224055240,Set longlines,Set gillnets
240222000,Pots and traps,Set gillnets
224028630,Set longlines,Pots and traps
247094570,Set longlines,Fishing vessel
247087260,Trawlers,Purse seines
227323060,Set gillnets,Set longlines
241065000,Trawlers,Set gillnets
263256000,Set gillnets,Pots and traps
247094630,Set longlines,Fishing vessel
247301080,Trawlers,Set longlines
227316320,Set gillnets,Set longlines
261002920,Set gillnets,Trawlers
239083000,Purse seines,Set longlines
247301460,Trawlers,Set longlines
247222060,Set longlines,Set gillnets
263415290,Set gillnets,Set longlines
207829550,Trawlers,Set gillnets
247131140,Set longlines,Fishing vessel
237383000,Trawlers,Purse seines
250106400,Trawlers,Fishing vessel
247110850,Purse seines,Set gillnets
247146240,Trawlers,Purse seines
247120230,Trawlers,Set longlines
261007360,Set gillnets,Set longlines
238583910,Purse seines,Set gillnets
238887840,Purse seines,Set gillnets
219005513,Set gillnets,Set longlines
247152140,Trawlers,Set longlines
204226000,Set longlines,Drifting longlines
247145650,Trawlers,Set longlines
265457000,Trawlers,Purse seines
211502800,Set gillnets,Trawlers
247149660,Trawlers,Set longlines
247065720,Trawlers,Set longlines
247140830,Trawlers,Purse seines
265503070,Pots and traps,Set gillnets
247073550,Purse seines,Trawlers
207828930,Set gillnets,Trawlers
247142290,Trawlers,Purse seines
241020000,Drifting longlines,Set gillnets
247092990,Trawlers,Purse seines
207827490,Trawlers,Set gillnets
204203650,Pole and line,Set longlines
238669140,Purse seines,Set gillnets
237387000,Trawlers,Set longlines
275460000,Pots and traps,Unknown gear
247252970,Trawlers,Set gillnets
237142000,Trawlers,Purse seines
238798340,Trawlers,Set gillnets
238161640,Purse seines,Trawlers
275453000,Pots and traps,Unknown gear
219011321,Trawlers,Set gillnets
247152010,Trawlers,Set longlines
247140040,Purse seines,Set longlines
247250120,Purse seines,Set longlines
204209950,Pole and line,Set longlines
247305480,Purse seines,Set longlines
247119770,Purse seines,Set longlines
247140850,Trawlers,Set gillnets
235011218,Pots and traps,Set gillnets
237345000,Trawlers,Purse seines
250000657,Fishing vessel,Trawlers
237089000,Purse seines,Trawlers
244119000,Trawlers,Set gillnets
204209890,Set longlines,Pole and line
265571280,Pots and traps,Fishing vessel
227513000,Fishing vessel,Set gillnets
247054170,Trawlers,Purse seines
247110130,Purse seines,Set longlines
247143410,Trawlers,Set longlines
265536090,Trawlers,Purse seines
226150000,Fishing vessel,Trawlers
246749000,Fishing vessel,Trawlers
227580250,Set longlines,Drifting longlines
238744540,Purse seines,Trawlers
247144270,Purse seines,Set longlines
261005260,Trawlers,Drifting longlines
261010060,Set gillnets,Trawlers
247306990,Purse seines,Set longlines
246557000,Fishing vessel,Trawlers
227164210,Set longlines,Pots and traps
240428000,Trawlers,Set longlines
250001142,Set gillnets,Trawlers
239097000,Purse seines,Set gillnets
247147730,Trawlers,Purse seines
247140770,Set longlines,Fishing vessel
247100020,Trawlers,Set gillnets
247072850,Trawlers,Purse seines
247051450,Trawlers,Set gillnets
219006614,Set gillnets,Pots and traps
227916000,Set gillnets,Pots and traps
247300180,Set longlines,Set gillnets
219005909,Set gillnets,Fishing vessel
219009135,Set gillnets,Set longlines
227641010,Trawlers,Set gillnets
265669640,Trawlers,Pots and traps
246143000,Pots and traps,Fishing vessel
239174000,Purse seines,Set gillnets
263407240,Pots and traps,Drifting longlines
224020340,Set longlines,Set gillnets
239266000,Purse seines,Drifting longlines
247049430,Purse seines,Set gillnets
263274000,Set longlines,Drifting longlines
275461000,Pots and traps,Unknown gear
263418250,Set gillnets,Purse seines
238613210,Purse seines,Trawlers
219004264,Trawlers,Set gillnets
265656780,Fishing vessel,Pots and traps
247100450,Trawlers,Set gillnets
247145050,Purse seines,Set longlines
247130830,Purse seines,Set longlines
247140370,Trawlers,Purse seines
247120160,Set longlines,Set gillnets
263249000,Drifting longlines,Set longlines
247143120,Trawlers,Set longlines
238989740,Purse seines,Trawlers
247100430,Trawlers,Set longlines
247110830,Trawlers,Set longlines
247140330,Trawlers,Set gillnets
239253000,Purse seines,Set longlines
227317390,Set gillnets,Set longlines
247102240,Trawlers,Purse seines
247142080,Trawlers,Purse seines
263411270,Set longlines,Purse seines
247144750,Trawlers,Set longlines
265676610,Pots and traps,Fishing vessel
247083060,Trawlers,Set longlines
247123080,Trawlers,Set longlines
227637370,Set longlines,Pole and line
247132020,Trawlers,Purse seines
247131930,Set gillnets,Trollers
227303430,Set gillnets,Trawlers
239588000,Purse seines,Set gillnets
245308000,Fishing vessel,Trawlers
240303000,Set gillnets,Set longlines
247071420,Trawlers,Purse seines
239149000,Purse seines,Set gillnets
247101550,Trawlers,Set longlines
247149980,Trawlers,Set longlines
227560250,Pots and traps,Set gillnets
247050950,Trawlers,Set longlines
247141170,Set longlines,Fishing vessel
247141020,Trawlers,Set longlines
219005616,Set gillnets,Set longlines
247100740,Trawlers,Purse seines
245316000,Fishing vessel,Trawlers
263412460,Set gillnets,Set longlines
238561110,Purse seines,Trawlers
247030890,Trawlers,Purse seines
247121530,Trawlers,Set longlines
265745020,Pots and traps,Trawlers
263412470,Trawlers,Drifting longlines
263408380,Drifting longlines,Pots and traps
211421000,Trawlers,Set gillnets
247070840,Trawlers,Set longlines
238369040,Purse seines,Set gillnets
240229000,Trawlers,Set gillnets
215000650,Drifting longlines,Purse seines
250002886,Fishing vessel,Set gillnets
204204780,Set longlines,Pole and line
220335000,Set gillnets,Trawlers
245928000,Fishing vessel,Trawlers
239423000,Set longlines,Set gillnets
224075470,Set longlines,Set gillnets
227120500,Trawlers,Set gillnets
250000957,Fishing vessel,Trawlers
250002435,Trawlers,Purse seines
227867000,Pots and traps,Set gillnets
237517000,Trawlers,Purse seines
238111111,Purse seines,Trawlers
240705000,Trawlers,Purse seines
247146290,Set longlines,Set gillnets
219006157,Trawlers,Set gillnets
247110430,Trawlers,Purse seines
263402280,Set gillnets,Pots and traps
235094789,Set gillnets,Trawlers
265645290,Pots and traps,Set gillnets
204824000,Pole and line,Set longlines
227692790,Set gillnets,Pots and traps
250106580,Trawlers,Fishing vessel
207827350,Trawlers,Set gillnets
211315620,Trawlers,Set gillnets
248000420,Set longlines,Pots and traps
247081520,Trawlers,Purse seines
225384000,Set longlines,Set gillnets
219004144,Set gillnets,Set longlines
247142020,Trawlers,Set longlines
227177420,Trawlers,Set gillnets
255402260,Pole and line,Set longlines
239146000,Purse seines,Set longlines
219009244,Trawlers,Set gillnets
237922000,Trawlers,Purse seines
247147280,Trawlers,Set longlines
247306530,Trawlers,Purse seines
204212000,Drifting longlines,Set longlines
263582000,Set longlines,Drifting longlines
263410890,Set longlines,Set gillnets
227652390,Set gillnets,Pots and traps
235080782,Set gillnets,Pole and line
247082320,Trawlers,Set longlines
247100630,Set longlines,Set gillnets
227322690,Trawlers,Pots and traps
207829280,Set gillnets,Trawlers
227575000,Set gillnets,Set longlines
250002223,Set gillnets,Fishing vessel
247148370,Trawlers,Purse seines
224175430,Set longlines,Set gillnets
237402000,Trawlers,Purse seines
247300570,Trawlers,Purse seines
247142250,Trawlers,Set longlines
211477000,Trawlers,Set gillnets
211315230,Trawlers,Set gillnets
247302320,Purse seines,Set longlines
250001702,Set gillnets,Trawlers
224385000,Set longlines,Set gillnets
247301090,Trawlers,Purse seines
247142320,Set longlines,Set gillnets
219009799,Set gillnets,Trawlers
247065580,Purse seines,Pole and line
227625350,Trawlers,Set longlines
247101330,Trawlers,Set longlines
247144350,Trawlers,Purse seines
227641030,Trawlers,Pots and traps
238448840,Purse seines,Set gillnets
240337000,Trawlers,Set gillnets
219005671,Set gillnets,Set longlines
247053160,Trawlers,Purse seines
238217440,Purse seines,Trawlers
219007932,Set gillnets,Trawlers
247099420,Trawlers,Purse seines
256000656,Drifting longlines,Set longlines
247127020,Set longlines,Set gillnets
247124510,Trawlers,Set longlines
247143890,Trawlers,Set gillnets
227316590,Set gillnets,Set longlines
239136000,Drifting longlines,Set gillnets
263576000,Set longlines,Drifting longlines
247146830,Trawlers,Purse seines
247143070,Trawlers,Set longlines
227346000,Pots and traps,Set gillnets
247152210,Purse seines,Set gillnets
250001559,Set gillnets,Pots and traps
227315190,Purse seines,Set longlines
227316100,Trawlers,Pots and traps
219007539,Set longlines,Trawlers
261001030,Set gillnets,Drifting longlines
237097000,Purse seines,Set gillnets
219010989,Trawlers,Set longlines
247076460,Trawlers,Set longlines
237014000,Trawlers,Set gillnets
247147350,Purse seines,Set longlines
261005330,Trawlers,Drifting longlines
204248000,Purse seines,Set gillnets
247141720,Purse seines,Set longlines
238277740,Trawlers,Pots and traps
250115460,Trawlers,Purse seines
247146020,Purse seines,Set longlines
227926000,Set gillnets,Set longlines
226084000,Pots and traps,Set gillnets
240020000,Purse seines,Trawlers
247140450,Trawlers,Set longlines
247152080,Trawlers,Set longlines
207827320,Trawlers,Set gillnets
238572410,Purse seines,Set gillnets
250001718,Set gillnets,Pots and traps
224130870,Set longlines,Set gillnets
239406000,Drifting longlines,Set gillnets
239013000,Trawlers,Purse seines
219015559,Set gillnets,Trawlers
238400840,Purse seines,Trawlers
238403040,Purse seines,Set longlines
247146060,Trawlers,Purse seines
247307130,Trawlers,Set longlines
265504320,Trawlers,Unknown gear
220398000,Set gillnets,Set longlines
237129000,Set gillnets,Drifting longlines
247050940,Trawlers,Set gillnets
207822750,Set gillnets,Trawlers
247300910,Purse seines,Set longlines
240255000,Drifting longlines,Set longlines
204206750,Pole and line,Drifting longlines
219020578,Trawlers,Set gillnets
256000058,Drifting longlines,Set longlines
240457000,Purse seines,Set gillnets
247110440,Purse seines,Set gillnets
238443140,Trawlers,Set longlines
263406260,Set gillnets,Set longlines
247083560,Trawlers,Purse seines
247111260,Purse seines,Set longlines
247051190,Trawlers,Purse seines
247083380,Trawlers,Purse seines
224038000,Set longlines,Set gillnets
207293000,Trawlers,Set gillnets
219013966,Trawlers,Set gillnets
250104900,Trawlers,Unknown gear
265632550,Trawlers,Pole and line
247054650,Trawlers,Purse seines
277194000,Set gillnets,Trawlers
247125730,Trawlers,Purse seines
227588000,Set longlines,Set gillnets
238117940,Purse seines,Set gillnets
237335000,Trawlers,Purse seines
240120000,Trawlers,Purse seines
247091620,Set longlines,Set gillnets
240274000,Purse seines,Set gillnets
247281290,Trawlers,Set longlines
247092370,Trawlers,Set gillnets
227380000,Set gillnets,Set longlines
237625000,Trawlers,Purse seines
247151310,Trawlers,Set longlines
247140990,Trawlers,Purse seines
227300000,Set longlines,Drifting longlines
220071000,Set gillnets,Fishing vessel
247155180,Trawlers,Set longlines
247150170,Trawlers,Set longlines
247121260,Trawlers,Purse seines
250002366,Pots and traps,Trawlers
247151671,Trawlers,Set longlines
247202490,Trawlers,Purse seines
247063630,Trawlers,Set gillnets
247309110,Trawlers,Set longlines
247122080,Trawlers,Purse seines
265643510,Pole and line,Set gillnets
265613340,Fishing vessel,Pots and traps
238795940,Trawlers,Set gillnets
238162240,Trawlers,Set gillnets
265660180,Trawlers,Fishing vessel
219007314,Trawlers,Set gillnets
227142200,Purse seines,Trollers
238752040,Purse seines,Set gillnets
219006915,Trawlers,Set gillnets
247133170,Trawlers,Purse seines
237248000,Trawlers,Purse seines
247053910,Trawlers,Purse seines
247101370,Trawlers,Purse seines
227917000,Set gillnets,Set longlines
239329000,Drifting longlines,Pots and traps
247146030,Set longlines,Set gillnets
247309550,Trawlers,Purse seines
265649990,Set gillnets,Pole and line
250001415,Set gillnets,Trawlers
219007511,Set gillnets,Set longlines
247145170,Trawlers,Set longlines
211551270,Set gillnets,Set longlines
237478000,Trawlers,Purse seines
247302520,Trawlers,Set gillnets
237914000,Trawlers,Purse seines
238958248,Purse seines,Trawlers
227568010,Trawlers,Pots and traps
239506000,Set gillnets,Drifting longlines
238778540,Purse seines,Trawlers
247082830,Trawlers,Set longlines
265660130,Fishing vessel,Set gillnets
247305860,Trawlers,Set longlines
224186000,Set longlines,Set gillnets
263402760,Set gillnets,Pots and traps
204228000,Drifting longlines,Set gillnets
219009907,Trawlers,Set gillnets
247082840,Trawlers,Set gillnets
